ProductName,FotoName,FotoCode,Quantity,Price,RetailPrice
Р-2401,Бирюза,100003282,"4,00","1680,00","2520,00"
Р-2401,Бордо,100003840,"3,00","1680,00","2520,00"
Р-2401,Сердца голубые-синие С,100003846,"7,00","1680,00","2520,00"
Р-2401,Сердца фиолетово-малиновые С,100003281,"6,00","1680,00","2520,00"
Р-2401,Сердца розовые С,000001535,"4,00","1680,00","2520,00"
Р-455,Бирюза,100003741,"7,00","1440,00","2280,00"
Р-455,Серо-фиолетовый,100003743,"5,00","1440,00","2280,00"
Р-455,Пончик черно-розовый,100003746,"1,00","1440,00","2280,00"
Р-455,Синий,100003745,"6,00","1440,00","2280,00"
Р-455,Звезды синие-серые,100003747,"6,00","1440,00","2280,00"
Р-455,Бордо,100003742,"3,00","1440,00","2280,00"
Р-455,ОгурцыЦветы серо-розовые,100003748,"6,00","1440,00","2280,00"
Р-455,Серый,100003744,0,"1440,00","2280,00"
Р-5080,Клетка бордовая,100003364,"10,00","1320,00","2090,00"
Р-5080,Клетка серая,100003366,"10,00","1320,00","2090,00"
Р-5080,Клетка голубая,100003365,"10,00","1320,00","2090,00"
Р-5081,Клетка бордовая,100003367,"10,00","1440,00","2280,00"
Р-5081,Клетка голубая,100003368,"7,00","1440,00","2280,00"
Р-5081,Клетка серая,100003369,"9,00","1440,00","2280,00"
Р-5131,Клетка2 черн-фиол-роз-бир,000001572,"5,00","720,00","1200,00"
Р-5131,Шотландка синяя-беж,000002644,"2,00","720,00","1200,00"
Р-5131,Клетка5 черн-малиново-серая,000002659,"7,00","720,00","1200,00"
Р-5131,Шотландка бирюзово-розовая,000003683,"2,00","720,00","1200,00"
Р-5131,Клетка4 гол-зел-жел-крас,000002110,"10,00","720,00","1200,00"
Р-5131,Газета беж-черная,000001570,"7,00","720,00","1200,00"
Р-5131,Цветы бело-зелен-серые,000001573,"8,00","720,00","1200,00"
Р-5131,Горох серый,000000600,"8,00","720,00","1200,00"
Р-5131,ФлагБританияГазета,000000593,"3,00","720,00","1200,00"
Р-5131,Огурцы голубые,000002515,"4,00","720,00","1200,00"
Р-5131,Огурцы черные,000000596,"5,00","720,00","1200,00"
Р-5131,Шотландка бирюзово-синяя,000001352,0,"720,00","1200,00"
Р-5131,Горох розовый,000002602,"10,00","720,00","1200,00"
Р-5131,Звезды синие-серые,100003463,0,"720,00","1200,00"
Р-5131,ОгурцыЦветы серо-розовые,100003464,"3,00","720,00","1200,00"
Р-5131,Пончик черно-розовый,100003462,"9,00","720,00","1200,00"
Р-5135,Огурцы черные,000001603,"9,00","600,00","1000,00"
Р-5135,ФлагБританияГазета,000001066,"10,00","600,00","1000,00"
Р-5135,Шотландка синяя-беж,000001103,"5,00","600,00","1000,00"
Р-5135,Клетка4 гол-зел-жел-крас,000001093,"2,00","600,00","1000,00"
Р-5135,Клетка2 черн-фиол-роз-бир,000001091,"5,00","600,00","1000,00"
Р-5135,Цветы бело-зелен-серые,000000605,"2,00","600,00","1000,00"
Р-5135,Цветы голубые-салат,000000801,"3,00","600,00","1000,00"
Р-5135,Газета беж-черная,000000011,"10,00","600,00","1000,00"
Р-5135,Шотландка бирюзово-синяя,000001269,"8,00","600,00","1000,00"
Р-5135,Горох серый,000000607,"6,00","600,00","1000,00"
Р-5135,Клетка10 желт-салат-розов,000001101,"4,00","600,00","1000,00"
Р-5135,Звезды корич-бирюза,000002594,"9,00","600,00","1000,00"
Р-5135,Ромашки бело-черные,000002466,"4,00","600,00","1000,00"
Р-5135,Волны синие,000003287,"5,00","600,00","1000,00"
Р-5135,Диагональ серо-салатовая,000002914,"6,00","600,00","1000,00"
Р-5135,Завитки розово-малиновые,000003288,"5,00","600,00","1000,00"
Р-5135,Цветы бело-голуб-сирень,000003670,"10,00","600,00","1000,00"
Р-5135,Шотландка бирюзово-розовая,100003329,"2,00","600,00","1000,00"
Р-5135,Ромашки бирюзовые,100003519,"2,00","600,00","1000,00"
Р-5135,Следы черно-серые,100003520,"6,00","600,00","1000,00"
Р-5135,Цветы голубые-бордо,000001344,0,"600,00","1000,00"
Р-5135,Елка серая,100004583,"6,00","600,00","1000,00"
Р-5135,Завитки голубые-малиновые,100004584,"3,00","600,00","1000,00"
Р-5137,Огурцы розовые,000003324,"6,00","660,00","1100,00"
Р-5137,Горох 3-х цв розовый,000003321,"10,00","660,00","1100,00"
Р-5137,Горох 3-х цв голубой,000003320,"10,00","660,00","1100,00"
Р-5137,ЦветыТ салат-оранж,000003330,"10,00","660,00","1100,00"
Р-5137,Кошмар белый-черный,000003323,"8,00","660,00","1100,00"
Р-5137,ЧерепМелкий хаки-белый,000003332,"10,00","660,00","1100,00"
Р-5137,Клетка бело-черная,000003322,"7,00","660,00","1100,00"
Р-5137,ЦветыТ черно-оранж,000003331,"10,00","660,00","1100,00"
Р-5137,ЦветыТ розово-оранж,000003329,"10,00","660,00","1100,00"
Р-5137,ЧерепСредний черно-белый,000003333,"4,00","660,00","1100,00"
Р-5137,Горох красно-белый,000003400,"10,00","660,00","1100,00"
Р-5137,СпанчБоб,000003366,"7,00","660,00","1100,00"
Р-5137,Кошмар черно-бежевый,000003371,"9,00","660,00","1100,00"
Р-5137,Свин белый,000003368,"6,00","660,00","1100,00"
Р-5137,КошмарДС черно-белый,000003370,"6,00","660,00","1100,00"
Р-5137,ЧерепМелкий черно-розовый,100003573,"5,00","660,00","1100,00"
Р-5137,ЧерепМелкий черно-зеленый,100003572,"5,00","660,00","1100,00"
Р-5137,ЧерепМелкий черно-серебристый,100003574,"4,00","660,00","1100,00"
Р-5137П,Звезды синие-серые,100003862,"10,00","960,00","1600,00"
Р-5137П,ЗигЗагЭтно бирюзовый,100003863,"7,00","960,00","1600,00"
Р-5137П,ОгурцыЦветы серо-розовые,100003858,"3,00","960,00","1600,00"
Р-5137П,Пончик черно-розовый,100003859,"10,00","960,00","1600,00"
Р-5137П,Крокодил синий,100004506,"3,00","960,00","1600,00"
Р-5137П,Крокодил хаки-мята,100004507,"10,00","960,00","1600,00"
Р-5137П,ПончикиГазета серый,100004510,0,"960,00","1600,00"
Р-5137П,Пончики мята,100004508,0,"960,00","1600,00"
Р-5137П,Полосы черно-сине-белые,100004463,"6,00","960,00","1600,00"
Р-5137П,Северное сияние,100004464,"10,00","960,00","1600,00"
Р-5137П,ПончикиГазета черный,100004511,0,"960,00","1600,00"
Р-5137П,ПончикиГазета беж,100004509,"7,00","960,00","1600,00"
Р-5137П,Бордо,100004576,0,"960,00","1600,00"
Р-5137П,Пончики голубой,100004641,"2,00","960,00","1600,00"
Р-5137П,Коричневый,100004577,0,"960,00","1600,00"
Р-5137П,Синий-нэви,100004579,"2,00","960,00","1600,00"
Р-5137П,Серо-синий,100004578,"6,00","960,00","1600,00"
Р-5137П,Черный,100004580,"1,00","960,00","1600,00"
Р-5137П,Хаки,100004581,"2,00","960,00","1600,00"
Р-5145,Клетка черно-белая,000001124,"6,00","600,00","1000,00"
Р-5145,Свин черный,000001116,0,"600,00","1000,00"
Р-5145,Свин белый,000001118,"4,00","600,00","1000,00"
Р-5145,СобакиТаксы,100003643,"10,00","600,00","1000,00"
Р-5145,Коты белые,100003645,0,"600,00","1000,00"
Р-5145,Клетка розовая-сиреневая,100003649,"6,00","600,00","1000,00"
Р-5145,Одуванчик черно-фиолетовый,100003851,"7,00","600,00","1000,00"
Р-5145,СпанчБоб,100003853,"10,00","600,00","1000,00"
Р-5145,Цветы черные-голубые,100003855,"3,00","600,00","1000,00"
Р-5145,Цветы коричн-беж-гол,100003854,0,"600,00","1000,00"
Р-5145,Клетка красно-черная,000002561,0,"600,00","1000,00"
Р-5145,Газета беж-черная,000000021,0,"600,00","1000,00"
Р-5145,Огурцы черные,000000804,0,"600,00","1000,00"
Р-5145,Полосы черно-бело-красные,000002562,0,"600,00","1000,00"
Р-5145,Газета сине-белая,000001070,0,"600,00","1000,00"
Р-5145,Шотландка синяя-беж,000001104,"2,00","600,00","1000,00"
Р-5145,Клетка5 черн-фиол-розовая,000001100,0,"600,00","1000,00"
Р-5145,ФлагБританияГазета,000001067,0,"600,00","1000,00"
Р-5145,Клетка2 черн-фиол-роз-бир,000001092,0,"600,00","1000,00"
Р-5145,Клетка4 гол-зел-жел-крас,000001094,0,"600,00","1000,00"
Р-5145,Цветы бело-зелен-серые,000001077,0,"600,00","1000,00"
Р-5145,СхемаПариж,000000521,0,"600,00","1000,00"
Р-5145,Звезды корич-бирюза,000001114,0,"600,00","1000,00"
Р-5145,Цветы розово-бордовые,000001200,0,"600,00","1000,00"
Р-5145,Цветы голубые-бордо,000001345,0,"600,00","1000,00"
Р-5145,Диагональ серо-салатовая,000002889,"1,00","600,00","1000,00"
Р-5145,Клетка черно-серо-белая,000003363,0,"600,00","1000,00"
Р-5145,Цветы серо-черные,000003291,0,"600,00","1000,00"
Р-5145,Шотландка бирюзово-синяя,000001270,0,"600,00","1000,00"
Р-5192,ЭтноПолосы розово-беж,000002600,0,"780,00","1300,00"
Р-5192,ЭтноПолосы беж-бирюз-кирпич,000002598,"10,00","780,00","1300,00"
Р-5192,ЭтноПолосы коричн-бордо,000002599,"2,00","780,00","1300,00"
Р-5192,ЦветыВиола желт-корич,000002621,"10,00","780,00","1300,00"
Р-5192,ЦветыВиола голубые-беж,000002622,"10,00","780,00","1300,00"
Р-5192,Якорь бежевый,000003503,"3,00","780,00","1300,00"
Р-5192,Якорь серый,000003502,"7,00","780,00","1300,00"
Р-5222,Бежевый светлый,100004487,0,"2280,00","2700,00"
Р-5222,Крокодил Черный,100004498,"2,00","2280,00","2700,00"
Р-5222,Лазурный,100004499,"3,00","2280,00","2700,00"
Р-5222,Кофейный,100004494,0,"2280,00","2700,00"
Р-5222,Коричнево-рыжий,100004492,"1,00","2280,00","2700,00"
Р-5222,Фисташковый,100004502,0,"2280,00","2700,00"
Р-5222,Черный F,100004504,"2,00","2280,00","2700,00"
Р-5222,Черный,100004503,0,"2280,00","2700,00"
Р-5222,Красный,100004495,"2,00","2280,00","2700,00"
Р-5222,Бордо,100004489,"1,00","2280,00","2700,00"
Р-5222,Аттика Бордо,100004485,"2,00","2280,00","2700,00"
Р-5222,Желтый,100004491,"2,00","2280,00","2700,00"
Р-5222,Белый,100004488,"3,00","2280,00","2700,00"
Р-5222,Голубой,100004490,0,"2280,00","2700,00"
Р-5222,Аттика Коричневый тем,100004486,"4,00","2280,00","2700,00"
Р-5222,Крокодил Теракотовый,100004497,"2,00","2280,00","2700,00"
Р-5222,Сиреневый,100004501,"1,00","2280,00","2700,00"
Р-5222,Коричневый тем,100004493,"3,00","2280,00","2700,00"
Р-5222,Оливковый,100004500,"1,00","2280,00","2700,00"
Р-5222,Крокодил Белый,100004496,0,"2280,00","2700,00"
Р-5223,Аттика Бордо,100003434,"2,00","1680,00","2520,00"
Р-5223,Крокодил Черный,100003433,"4,00","1680,00","2520,00"
Р-5223,Аттика Коричневый тем,100003435,"7,00","1680,00","2520,00"
Р-5223,Черный,100003437,0,"1680,00","2520,00"
Р-5223,Голубой,100003440,0,"1680,00","2520,00"
Р-5223,Крокодил Белый,100003430,0,"1680,00","2520,00"
Р-5223,Красный,100003438,"6,00","1680,00","2520,00"
Р-5223,Белый,100003439,0,"1680,00","2520,00"
Р-5223,Бордо,100003441,0,"1680,00","2520,00"
Р-5223,Крокодил Серый,100003431,"3,00","1680,00","2520,00"
Р-5223,Крокодил Теракотовый,100003432,"10,00","1680,00","2520,00"
Р-5223,Бежевый светлый,100003524,0,"1680,00","2520,00"
Р-5223,Оливковый,100003528,0,"1680,00","2520,00"
Р-5223,Лазурный,100003527,"2,00","1680,00","2520,00"
Р-5223,Коричнево-рыжий,100003525,0,"1680,00","2520,00"
Р-5223,Бежевый темный,100003526,0,"1680,00","2520,00"
Р-5223,Желтый,100003531,"1,00","1680,00","2520,00"
Р-5223,Фисташковый,100003530,"6,00","1680,00","2520,00"
Р-5223,Сиреневый,100003529,"6,00","1680,00","2520,00"
Р-5223,Коричневый тем,100003541,0,"1680,00","2520,00"
Р-5233,Белый,100003444,"2,00","2280,00","2700,00"
Р-5233,Голубой,100003446,"2,00","2280,00","2700,00"
Р-5233,Бордо,100003445,"2,00","2280,00","2700,00"
Р-5233,Черный,100003453,"5,00","2280,00","2700,00"
Р-5233,Аттика Бордо,100003442,"4,00","2280,00","2700,00"
Р-5233,Красный,100003448,"8,00","2280,00","2700,00"
Р-5233,Аттика Коричневый тем,100003443,"6,00","2280,00","2700,00"
Р-5233,Крокодил Теракотовый,100003451,"3,00","2280,00","2700,00"
Р-5233,Крокодил Белый,100003449,"2,00","2280,00","2700,00"
Р-5233,Крокодил Черный,100003452,"6,00","2280,00","2700,00"
Р-5233,Бежевый светлый,100003532,"6,00","2280,00","2700,00"
Р-5233,Сиреневый,100003538,"1,00","2280,00","2700,00"
Р-5233,Бежевый темный,100003533,"4,00","2280,00","2700,00"
Р-5233,Лазурный,100003536,"6,00","2280,00","2700,00"
Р-5233,Коричневый тем,100003542,0,"2280,00","2700,00"
Р-5233,Коричнево-рыжий,100003535,"5,00","2280,00","2700,00"
Р-5233,Желтый,100003534,"2,00","2280,00","2700,00"
Р-5233,Оливковый,100003537,"2,00","2280,00","2700,00"
Р-5233,Фисташковый,100003539,"4,00","2280,00","2700,00"
Р-5236,ДжинсЗвезды синий - Серый,100004010,0,"1140,00","1980,00"
Р-5236,ДжинсОлень синий - Коричневый тем,100004011,0,"1140,00","1980,00"
Р-5236,Снежинки беж-бел-бордо - Бордо,100004017,"10,00","1140,00","1980,00"
Р-5236,СкандиЗигЗаг бордо - Бордо,100004012,0,"1140,00","1980,00"
Р-5236,СкандиПолосы красн-бордо - Коричневый тем,100004014,0,"1140,00","1980,00"
Р-5236,ОлениЕлки красный - Коричневый,100004016,"10,00","1140,00","1980,00"
Р-5236,Снежинки беж-красный - Бежевый св,100004018,"10,00","1140,00","1980,00"
Р-5236,СкандиЗигЗаг синий - Черный,100004013,0,"1140,00","1980,00"
Р-5236,ОлениЕлки беж-бел - Молочный,100004015,"4,00","1140,00","1980,00"
Р-5243,ДжинсЗвезды синий - Серый,100004019,0,"1380,00","2280,00"
Р-5243,СкандиЗигЗаг бордо - Бордо,100004023,0,"1380,00","2280,00"
Р-5243,СкандиЗигЗаг синий - Черный,100004024,"10,00","1380,00","2280,00"
Р-5243,ОлениЕлки красный - Коричневый,100004022,"10,00","1380,00","2280,00"
Р-5243,СкандиПолосы красн-бордо - Коричневый тем,100004025,"2,00","1380,00","2280,00"
Р-5243,Снежинки беж-бел-бордо - Бордо,100004026,"9,00","1380,00","2280,00"
Р-5243,ДжинсОлень синий - Коричневый тем,100004020,0,"1380,00","2280,00"
Р-5243,Снежинки беж-красный - Бежевый св,100004027,"10,00","1380,00","2280,00"
Р-5243,ОлениЕлки беж-бел - Молочный,100004021,"9,00","1380,00","2280,00"
Р-5261,Аттика Бордо,100003543,0,"1800,00","2700,00"
Р-5261,Черный,100003547,0,"1800,00","2700,00"
Р-5261,Крокодил Теракотовый,100003554,"1,00","1800,00","2700,00"
Р-5261,Фисташковый,100003551,"2,00","1800,00","2700,00"
Р-5261,Крокодил Белый,100003552,0,"1800,00","2700,00"
Р-5261,Аттика Коричневый тем,100003544,0,"1800,00","2700,00"
Р-5261,Крокодил Черный,100003555,"2,00","1800,00","2700,00"
Р-5261,Коричневый тем,100003546,0,"1800,00","2700,00"
Р-5261,Крокодил Серый,100003553,0,"1800,00","2700,00"
Р-5261,Белый,100003545,"1,00","1800,00","2700,00"
Р-5261,Бордо,100003548,0,"1800,00","2700,00"
Р-5261,Желтый,100003550,0,"1800,00","2700,00"
Р-5261,Голубой,100003549,"1,00","1800,00","2700,00"
Р-5263,Аттика Бордо,100003556,0,"1800,00","2700,00"
Р-5263,Черный,100003568,0,"1800,00","2700,00"
Р-5263,Белый,100003558,"1,00","1800,00","2700,00"
Р-5263,Крокодил Серый,100003564,0,"1800,00","2700,00"
Р-5263,Аттика Коричневый тем,100003557,0,"1800,00","2700,00"
Р-5263,Коричневый тем,100003562,0,"1800,00","2700,00"
Р-5263,Желтый,100003561,0,"1800,00","2700,00"
Р-5263,Бордо,100003559,0,"1800,00","2700,00"
Р-5263,Крокодил Теракотовый,100003565,"2,00","1800,00","2700,00"
Р-5263,Крокодил Белый,100003563,0,"1800,00","2700,00"
Р-5263,Крокодил Черный,100003566,"1,00","1800,00","2700,00"
Р-5263,Фисташковый,100003567,"2,00","1800,00","2700,00"
Р-5263,Голубой,100003560,"1,00","1800,00","2700,00"
Р-5280,Бежевый светлый,000003599,"6,00","1800,00","2090,00"
Р-5280,Коричневый темный,000003597,0,"1800,00","2090,00"
Р-5280,Бордо,000003590,"1,00","1800,00","2090,00"
Р-5280,Черный,000003598,0,"1800,00","2090,00"
Р-5280,Кофейный - Беж св,000003596,"4,00","1800,00","2090,00"
Р-5280,Сиреневый - Белый,000003589,"1,00","1800,00","2090,00"
Р-5280,Красный,000003593,0,"1800,00","2090,00"
Р-5280,Голубой,000003592,"9,00","1800,00","2090,00"
Р-5280,Бежевый св - Желтый,000003594,"4,00","1800,00","2090,00"
Р-5280,Белый,000003595,"1,00","1800,00","2090,00"
Р-5280,Желтый,000003588,0,"1800,00","2090,00"
Р-5280,Сиреневый,000003600,0,"1800,00","2090,00"
Р-5280,Оливковый - Беж св,000003591,"6,00","1800,00","2090,00"
Р-5280,Кофейный,100003175,0,"1800,00","2090,00"
Р-5280,Аттика Бордо,100003578,"4,00","1800,00","2090,00"
Р-5280,Лазурный,100003586,0,"1800,00","2090,00"
Р-5280,Коричнево-рыжий,100003581,0,"1800,00","2090,00"
Р-5280,Крокодил Теракотовый,100003584,"3,00","1800,00","2090,00"
Р-5280,Фисташковый,100003587,"5,00","1800,00","2090,00"
Р-5280,Крокодил Белый,100003582,"3,00","1800,00","2090,00"
Р-5280,Аттика Коричневый тем,100003579,"6,00","1800,00","2090,00"
Р-5280,Крокодил Черный,100003585,"5,00","1800,00","2090,00"
Р-5280,Крокодил Серый,100003583,"6,00","1800,00","2090,00"
Р-5280,Аттика Песочный,100003580,"6,00","1800,00","2090,00"
Р-5281,Бежевый св - Желтый,000003602,"3,00","2160,00","2280,00"
Р-5281,Коричневый темный,000003607,0,"2160,00","2280,00"
Р-5281,Желтый,000003606,"2,00","2160,00","2280,00"
Р-5281,Бежевый светлый,000003601,"3,00","2160,00","2280,00"
Р-5281,Сиреневый,000003610,"2,00","2160,00","2280,00"
Р-5281,Черный,000003612,0,"2160,00","2280,00"
Р-5281,Сиреневый - Белый,000003611,"5,00","2160,00","2280,00"
Р-5281,Кофейный - Беж св,000003608,"10,00","2160,00","2280,00"
Р-5281,Оливковый - Беж св,000003609,"4,00","2160,00","2280,00"
Р-5281,Красный,000003613,0,"2160,00","2280,00"
Р-5281,Голубой,000003605,"5,00","2160,00","2280,00"
Р-5281,Бордо,000003604,0,"2160,00","2280,00"
Р-5281,Белый,000003603,"7,00","2160,00","2280,00"
Р-5281,Кофейный,100003176,0,"2160,00","2280,00"
Р-5281,Аттика Бордо,100003588,"2,00","2160,00","2280,00"
Р-5281,Лазурный,100003596,0,"2160,00","2280,00"
Р-5281,Аттика Песочный,100003590,"4,00","2160,00","2280,00"
Р-5281,Крокодил Черный,100003595,0,"2160,00","2280,00"
Р-5281,Фисташковый,100003597,"4,00","2160,00","2280,00"
Р-5281,Аттика Коричневый тем,100003589,"2,00","2160,00","2280,00"
Р-5281,Крокодил Теракотовый,100003594,"2,00","2160,00","2280,00"
Р-5281,Коричнево-рыжий,100003591,"1,00","2160,00","2280,00"
Р-5281,Крокодил Белый,100003592,"2,00","2160,00","2280,00"
Р-5281,Крокодил Серый,100003593,"1,00","2160,00","2280,00"
Р-5333,СерыйП - Бордо,100003400,"4,00","1560,00","2380,00"
Р-5333,ЧерныйП - Бирюза,100003399,"8,00","1560,00","2380,00"
Р-5333,СинийП,100003401,"7,00","1560,00","2380,00"
Р-5333,ЧерныйП,100003396,"10,00","1560,00","2380,00"
Р-5333,ЧерныйП - Изумруд,100003397,"5,00","1560,00","2380,00"
Р-5333,ИзумрудП - Желтый,100003403,"7,00","1560,00","2380,00"
Р-5333,ЧерныйП - Серо-синий,100003398,"6,00","1560,00","2380,00"
Р-5333,БирюзаП - Дымчатый,100003405,"5,00","1560,00","2380,00"
Р-5333,СинийП - Сапфир,100003402,"8,00","1560,00","2380,00"
Р-5333,БирюзаП - Пончики мята,100004519,0,"1560,00","2380,00"
Р-5333,ЧерныйП - ПончикиГазета черный,100004532,0,"1560,00","2380,00"
Р-5333,ЧерныйП - Полосы черно-сине-белые,100004531,0,"1560,00","2380,00"
Р-5333,СинийП - ЦветыПастель голубой,100004529,0,"1560,00","2380,00"
Р-5333,КоричневыйП - ПончикиГазета беж,100004523,0,"1560,00","2380,00"
Р-5333,ХакиП - Крокодил хаки-мята,100004530,0,"1560,00","2380,00"
Р-5333,Бордо тем - БабочкиЦветы бордо-серый,100004520,0,"1560,00","2380,00"
Р-5333,СерыйП - ЦветыПастель серый,100004525,0,"1560,00","2380,00"
Р-5333,Сине-фиолетовыйП - БабочкиЦветы синий-серый,100004527,0,"1560,00","2380,00"
Р-5333,Сине-фиолетовыйП - ЦветыРозы серо-синий,100004528,0,"1560,00","2380,00"
Р-5333,БордоП - ЦветыПастель лилово-розовый,100004521,0,"1560,00","2380,00"
Р-5333,ИзумрудП - ЦветыПастель мята,100004522,"3,00","1560,00","2380,00"
Р-5333,Сине-фиолетовыйП - Крокодил синий,100004526,0,"1560,00","2380,00"
Р-5333,СерыйП - ПончикиГазета серая,100004524,0,"1560,00","2380,00"
Р-5333,Серо-синийП - ПончикиГазета серая,100004533,0,"1560,00","2380,00"
Р-5333,СинийП - Пончики голубой,100004744,0,"1560,00","2380,00"
Р-5333,ЧерныйП - Северное сияние,100004743,"6,00","1560,00","2380,00"
Р-5333,Бордо,100003170,"6,00","1560,00","2380,00"
Р-5333,Черный - Бежевый,100003179,"9,00","1560,00","2380,00"
Р-5333,Фиолетовый - Бирюзовый,100003182,"2,00","1560,00","2380,00"
Р-5333,Черный,100003165,"10,00","1560,00","2380,00"
Р-5333,Бирюза,100003166,"4,00","1560,00","2380,00"
Р-5333,Бордо - Персик,100003177,"7,00","1560,00","2380,00"
Р-5333,Зеленый,100003167,"2,00","1560,00","2380,00"
Р-5333,Персиковый,100003168,"4,00","1560,00","2380,00"
Р-5333,Синий темный - Серый светлый,100003178,"4,00","1560,00","2380,00"
Р-5333,Фиолетовый - Розовый,100003181,"1,00","1560,00","2380,00"
Р-5333,Черный - Зеленый,100003180,"3,00","1560,00","2380,00"
Р-5333,Серый темный - Бирюза,100003653,"9,00","1560,00","2380,00"
Р-5333,Хаки - Оливковый,100003654,"1,00","1560,00","2380,00"
Р-5333,Черный - Серый темный,100003655,"1,00","1560,00","2380,00"
Р-5414,СкандиУзор синий,100004626,"4,00","900,00","1500,00"
Р-5414,КотоМикс,100004614,"2,00","900,00","1500,00"
Р-5414,МиМиМишки голубой,100004617,"4,00","900,00","1500,00"
Р-5414,МиМиМишки розовый,100004618,"3,00","900,00","1500,00"
Р-5414,Коты бирюзовые,100004615,"4,00","900,00","1500,00"
Р-5414,Мороженное мята,100004619,"3,00","900,00","1500,00"
Р-5414,ПарижЛюбовь голубой,100004621,"1,00","900,00","1500,00"
Р-5414,СовыЭтно беж,100004629,"3,00","900,00","1500,00"
Р-5414,Жирафики беж,100004608,"1,00","900,00","1500,00"
Р-5414,СкандиУзор мята,100004624,"4,00","900,00","1500,00"
Р-5414,СовыЛес серый,100004628,"3,00","900,00","1500,00"
Р-5414,Птички голубые,100004623,"3,00","900,00","1500,00"
Р-5414,КантриРозы синие,100004612,"3,00","900,00","1500,00"
Р-5414,КантриРозы капучино,100004610,"1,00","900,00","1500,00"
Р-5414,ФастФуд,100004630,"4,00","900,00","1500,00"
Р-5414,КантриРозы черные,100004613,"1,00","900,00","1500,00"
Р-5414,ПарижЛюбовь ваниль,100004622,"4,00","900,00","1500,00"
Р-5414,СовыЛес зеленый,100004627,"4,00","900,00","1500,00"
Р-5414,СкандиУзор розовый,100004625,"4,00","900,00","1500,00"
Р-5414,Коты синие,100004616,0,"900,00","1500,00"
Р-5414,Мороженное розовый,100004620,"3,00","900,00","1500,00"
Р-5414,Кактусы,100004609,"4,00","900,00","1500,00"
Р-5414,Вишенки черно-красные,100004607,"3,00","900,00","1500,00"
Р-5414,Джинс голубой светлый,100004643,"10,00","900,00","1500,00"
Р-5414,ДжинсЗвезды синий,100004647,"5,00","900,00","1500,00"
Р-5414,Джинс синий,100004644,"8,00","900,00","1500,00"
Р-5414,Джинс синий светлый,100004645,"9,00","900,00","1500,00"
Р-5414,ДжинсЦветочки голубой,100004649,"10,00","900,00","1500,00"
Р-5414,Джинс черный,100004646,"8,00","900,00","1500,00"
Р-5414,ДжинсОлень синий,100004648,"4,00","900,00","1500,00"
Р-5424,ОлениЕлки беж-бел,100003994,"9,00","1200,00","2000,00"
Р-5424,ОлениЕлки красный,100003995,"10,00","1200,00","2000,00"
Р-5424,Снежинки беж-бел-бордо,100003996,"10,00","1200,00","2000,00"
Р-5424,Снежинки беж-красный,100003997,"10,00","1200,00","2000,00"
Р-5424,Джинс голубой светлый,100003987,"1,00","1200,00","2000,00"
Р-5424,ДжинсЗвезды синий,100003991,"6,00","1200,00","2000,00"
Р-5424,ДжинсОлень синий,100003992,"9,00","1200,00","2000,00"
Р-5424,ДжинсЦветочки голубой,100003993,"10,00","1200,00","2000,00"
Р-5424,Джинс черный,100003990,"10,00","1200,00","2000,00"
Р-5424,Джинс синий,100003988,"6,00","1200,00","2000,00"
Р-5424,Алфавит,000003087,"6,00","1200,00","2000,00"
Р-5424,Леопард желтый,000003093,"2,00","1200,00","2000,00"
Р-5424,Леопард розовый,000003094,"5,00","1200,00","2000,00"
Р-5424,МиМиМишки голубой,000003095,"4,00","1200,00","2000,00"
Р-5424,МиМиМишки розовый,000003096,0,"1200,00","2000,00"
Р-5424,Овечки голубой,000003097,"10,00","1200,00","2000,00"
Р-5424,Овечки мята,000003098,"10,00","1200,00","2000,00"
Р-5424,КотоМикс,000003092,"10,00","1200,00","2000,00"
Р-5424,ПарижЛюбовь,000003103,0,"1200,00","2000,00"
Р-5424,СкандиУзор мята,000003100,"8,00","1200,00","2000,00"
Р-5424,СкандиУзор розовый,000003101,"7,00","1200,00","2000,00"
Р-5424,СкандиУзор синий,000003102,"9,00","1200,00","2000,00"
Р-5424,Тигр рыжий,000003105,"6,00","1200,00","2000,00"
Р-5424,Тигр серый,000003106,"3,00","1200,00","2000,00"
Р-5424,Фудсики,000003104,"6,00","1200,00","2000,00"
Р-5424,Жирафики,000003088,"9,00","1200,00","2000,00"
Р-5424,Зайки персиковый,000003090,0,"1200,00","2000,00"
Р-5424,Зайки голубой,000003089,"9,00","1200,00","2000,00"
Р-5424,Овечки розовый,000003099,"10,00","1200,00","2000,00"
Р-5424,Кактусы,000003433,"1,00","1200,00","2000,00"
Р-5424,ФастФуд,000003583,"3,00","1200,00","2000,00"
Р-5424,Коты бирюзовые,100003501,"8,00","1200,00","2000,00"
Р-5424,СовыЛес зеленый,100003503,"4,00","1200,00","2000,00"
Р-5424,Коты синие,100003502,"10,00","1200,00","2000,00"
Р-5424,СовыЛес серый,100003504,"3,00","1200,00","2000,00"
Р-5434,СкандиЗигЗаг бордо,000003204,"10,00","1560,00","2380,00"
Р-5434,СкандиЗигЗаг синий,000003205,0,"1560,00","2380,00"
Р-5434,СкандиПолосы красн-бордо,000003206,"8,00","1560,00","2380,00"
Р-5434,СкандиУзор мята,000003207,"3,00","1560,00","2380,00"
Р-5434,СкандиУзор синий,000003209,0,"1560,00","2380,00"
Р-5434,СкандиУзор розовый,000003208,"2,00","1560,00","2380,00"
Р-5434,МиМиМишки голубой,000003381,"5,00","1560,00","2380,00"
Р-5434,МиМиМишки розовый,000003382,"3,00","1560,00","2380,00"
Р-5434,ПарижЛюбовь,000003383,"9,00","1560,00","2380,00"
Р-5434,КотоМикс,000003384,"5,00","1560,00","2380,00"
Р-5434,Вишенки черно-красные,000003564,"5,00","1560,00","2380,00"
Р-5434,ПровансКаникулы белый,000003566,"1,00","1560,00","2380,00"
Р-5434,СовыЭтно беж,000003567,0,"1560,00","2380,00"
Р-5434,Птички голубые,000003574,"7,00","1560,00","2380,00"
Р-5434,СовыЛес зеленый,100003379,0,"1560,00","2380,00"
Р-5434,Мороженное мята,100003378,0,"1560,00","2380,00"
Р-5434,СовыЛес серый,100003377,0,"1560,00","2380,00"
Р-5434,Капкейки светло-желтые,100003512,"3,00","1560,00","2380,00"
Р-5434,МорскойМикс,100003513,"1,00","1560,00","2380,00"
Р-5434,Бананы беж,100003609,"9,00","1560,00","2380,00"
Р-5434,Мороженное розовый,100003611,"1,00","1560,00","2380,00"
Р-5434,Бананы мята,100003610,"10,00","1560,00","2380,00"
Р-5434,Жирафики беж,100003880,"5,00","1560,00","2380,00"
Р-5434,Кактусы,100003881,"4,00","1560,00","2380,00"
Р-5434,Овечки голубой,100003882,"5,00","1560,00","2380,00"
Р-5434,Овечки мята,100003883,"10,00","1560,00","2380,00"
Р-5434,Черный - Горох черн-беж,100003942,"1,00","1560,00","2380,00"
Р-5434,ПарижЛюбовь ваниль,100003941,"10,00","1560,00","2380,00"
Р-5434,КантриРозы серые,000002761,0,"1560,00","2380,00"
Р-5434,КантриРозы синие,000002762,0,"1560,00","2380,00"
Р-5434,Листья желтые,000002904,"4,00","1560,00","2380,00"
Р-5434,Листья красные - Красный,000002907,"7,00","1560,00","2380,00"
Р-5434,Листья красные,000002906,"5,00","1560,00","2380,00"
Р-5434,Листья желтые - Небесный,000002905,"4,00","1560,00","2380,00"
Р-5434,КантриРозы капучино,000002953,0,"1560,00","2380,00"
Р-5434,Леопард серый,000003202,"6,00","1560,00","2380,00"
Р-5434,Тигр серый,000003211,"10,00","1560,00","2380,00"
Р-5434,Тигр рыжий,000003210,"6,00","1560,00","2380,00"
Р-5434,Леопард розовый,000003201,"4,00","1560,00","2380,00"
Р-5434,КантриРозы черные,000002763,"7,00","1560,00","2380,00"
Р-5434,Синий тем - Звезды бел-син-красн,000003569,0,"1560,00","2380,00"
Р-5434,Черный,000002810,0,"1560,00","2380,00"
Р-5434,Черный - Черный,100004259,"7,00","1560,00","2380,00"
Р-5434,Джинс голубой светлый,100004181,"9,00","1560,00","2380,00"
Р-5434,Джинс синий светлый,100004182,"10,00","1560,00","2380,00"
Р-5434,ДжинсОлень синий,100004183,"2,00","1560,00","2380,00"
Р-5434,Джинс черный,100004180,"3,00","1560,00","2380,00"
Р-5434,Джинс синий,000002769,"7,00","1560,00","2380,00"
Р-5434,ДжинсЗвезды синий - Синий тем,000003568,"1,00","1560,00","2380,00"
Р-5434,ДжинсЦветочки голубой,000003570,"7,00","1560,00","2380,00"
Р-5437,КоллажПочта сиреневый,000003135,"8,00","1560,00","2380,00"
Р-5437,СкандиКристал черно-серый,000003143,"10,00","1560,00","2380,00"
Р-5437,Зайки персиковый,000003129,"6,00","1560,00","2380,00"
Р-5437,КоллажПочта мята,000003134,"1,00","1560,00","2380,00"
Р-5437,Зайки голубой,000003128,"5,00","1560,00","2380,00"
Р-5437,СкандиКристал сине-серый,000003142,"10,00","1560,00","2380,00"
Р-5437,Апельсин оранж-блю,000003523,"7,00","1560,00","2380,00"
Р-5437,Шотландка синий-беж-кирпич,000003525,0,"1560,00","2380,00"
Р-5437,Шотландка беж-корич-красн,000003524,"4,00","1560,00","2380,00"
Р-5437,ПровансВело белый,000003527,"10,00","1560,00","2380,00"
Р-5437,Якорь синий,000003526,"9,00","1560,00","2380,00"
Р-5437,Камуфляж хаки-черный,000003539,"10,00","1560,00","2380,00"
Р-5437,ПровансВело небесный,000003537,"10,00","1560,00","2380,00"
Р-5437,Шотландка черно-серая,000003543,"1,00","1560,00","2380,00"
Р-5437,ПэчворкЦветы беж-бордо,000003534,"2,00","1560,00","2380,00"
Р-5437,Шотландка хаки-черная,000003542,"2,00","1560,00","2380,00"
Р-5437,Шотландка сине-зеленая,000003544,"1,00","1560,00","2380,00"
Р-5437,Шотландка серо-черная,000003541,"1,00","1560,00","2380,00"
Р-5437,Шотландка беж-хаки,000003540,"2,00","1560,00","2380,00"
Р-5437,Камуфляж серый-хаки,100004056,"9,00","1560,00","2380,00"
Р-5437,Галактика синий,000002565,"10,00","1560,00","2380,00"
Р-5437,Космос серый,000002567,"2,00","1560,00","2380,00"
Р-5437,Космос сине-розовый,000002568,"10,00","1560,00","2380,00"
Р-5437,Звезды синий,000002566,"10,00","1560,00","2380,00"
Р-5437,Огурцы серо-буро-малиновые,000002573,"1,00","1560,00","2380,00"
Р-5437,Этно черный,000002571,"9,00","1560,00","2380,00"
Р-5437,ЧерепКрупный черно-белый,000002584,"10,00","1560,00","2380,00"
Р-5437,ЭтноПолосы коричн-бордо,000002575,"10,00","1560,00","2380,00"
Р-5437,ЭтноУзор фиолет-розов,000002577,"10,00","1560,00","2380,00"
Р-5437,ЭтноПолосы беж-бирюз-кирпич,000002574,"4,00","1560,00","2380,00"
Р-5437,КотоМикс,000002607,"3,00","1560,00","2380,00"
Р-5437,ДжинсЗвезды синий,000002627,"10,00","1560,00","2380,00"
Р-5437,Хризантемы сине-белые,000002630,"3,00","1560,00","2380,00"
Р-5437,ФастФуд,000002631,"8,00","1560,00","2380,00"
Р-5437,Орнамент коричнево-беж,000002758,"1,00","1560,00","2380,00"
Р-5437,ЭтноРомб хаки-коричневый,000003428,"1,00","1560,00","2380,00"
Р-5437,Хризантемы корич-оранж,000003538,"2,00","1560,00","2380,00"
Р-5437,Коты бирюзовые,100003370,"10,00","1560,00","2380,00"
Р-5437,Коты синие,100003371,"10,00","1560,00","2380,00"
Р-5437,КошкиМышкиМишки,100003372,"8,00","1560,00","2380,00"
Р-5437,Якорь бежевый,100003509,"2,00","1560,00","2380,00"
Р-5437,Якорь серый,100003510,"6,00","1560,00","2380,00"
Р-5437,Горох голубой-беж,100003617,"8,00","1560,00","2380,00"
Р-5437,КоллажВояж,100003616,"10,00","1560,00","2380,00"
Р-5437,КоллажКантриРозы,100003615,"10,00","1560,00","2380,00"
Р-5437,Горох черный-беж,100003940,"3,00","1560,00","2380,00"
Р-5437,ПреведМедвед серый,100004293,"6,00","1560,00","2380,00"
Р-5437,Грибы зеленый,100004784,"1,00","1560,00","2380,00"
Р-5437,Рыбки синие,100004788,"2,00","1560,00","2380,00"
Р-5437,ПолосыАкварель зелено-малиновый-синий,100004787,"2,00","1560,00","2380,00"
Р-5437,ЦветыПтицы беж-зеленые,100004783,"4,00","1560,00","2380,00"
Р-5437,ЦветыБабочки серо-голубые-сирень,100004781,"7,00","1560,00","2380,00"
Р-5437,КоллажАвтоНомера,100004778,"8,00","1560,00","2380,00"
Р-5437,Цветы бордо-зеленый,100004782,"6,00","1560,00","2380,00"
Р-5437,Грибы синий,100004785,0,"1560,00","2380,00"
Р-5437,КофеКэйк голубой,100004779,"6,00","1560,00","2380,00"
Р-5437,УзорАкварель сине-желто-зеленый,100004786,"2,00","1560,00","2380,00"
Р-5437,КофеКэйк кремовый,100004780,"5,00","1560,00","2380,00"
Р-5445,Бежевый темный,000001611,"4,00","1680,00","2520,00"
Р-5445,Фисташковый,000002002,"3,00","1680,00","2520,00"
Р-5445,Голубой светлый - черный,000003665,"2,00","1680,00","2520,00"
Р-5445,Мята,000003664,"4,00","1680,00","2520,00"
Р-5445,Малиновый,000003663,"2,00","1680,00","2520,00"
Р-5445,БордоW,100003711,0,"1680,00","2520,00"
Р-5445,ОливковыйW,100003719,"3,00","1680,00","2520,00"
Р-5445,ГорчичныйW,100003712,"6,00","1680,00","2520,00"
Р-5445,Синий темныйW,100003721,"5,00","1680,00","2520,00"
Р-5445,Синий W,100003720,"5,00","1680,00","2520,00"
Р-5445,Зеленый W,100003713,"5,00","1680,00","2520,00"
Р-5445,Зеленый темныйW,100003714,"4,00","1680,00","2520,00"
Р-5445,КоричневыйW,100003717,"4,00","1680,00","2520,00"
Р-5445,КапучиноW,100003715,"6,00","1680,00","2520,00"
Р-5445,КирпичW,100003716,"2,00","1680,00","2520,00"
Р-5445,МолокоW,100003718,"4,00","1680,00","2520,00"
Р-5445,Черно-серыйW,100003848,"8,00","1680,00","2520,00"
Р-5445,ЧерныйW,100003849,"10,00","1680,00","2520,00"
Р-5445,ЧерныйW - черный,100003857,"10,00","1680,00","2520,00"
Р-5445,Серо-зеленый W,100004273,"6,00","1680,00","2520,00"
Р-5445,Серо-синий W,100004274,"5,00","1680,00","2520,00"
Р-5445,КрасныйW,100004327,"2,00","1680,00","2520,00"
Р-5445,ХакиW,100004328,"6,00","1680,00","2520,00"
Р-5455,Бежевый темный,000002005,"5,00","1800,00","2700,00"
Р-5455,Красный,000002006,"1,00","1800,00","2700,00"
Р-5455,Фисташковый,000002009,"5,00","1800,00","2700,00"
Р-5455,Хаки,000002004,"1,00","1800,00","2700,00"
Р-5455,Голубой светлый - черный,000003667,"2,00","1800,00","2700,00"
Р-5455,Мята,000003669,"5,00","1800,00","2700,00"
Р-5455,Песочный,100003147,"3,00","1800,00","2700,00"
Р-5455,ГорчичныйW,100003723,"10,00","1800,00","2700,00"
Р-5455,ОливковыйW,100003730,"4,00","1800,00","2700,00"
Р-5455,КоричневыйW,100003728,"6,00","1800,00","2700,00"
Р-5455,МолокоW,100003729,"4,00","1800,00","2700,00"
Р-5455,КирпичW,100003727,"2,00","1800,00","2700,00"
Р-5455,Зеленый W,100003724,"1,00","1800,00","2700,00"
Р-5455,Зеленый темныйW,100003725,"5,00","1800,00","2700,00"
Р-5455,КапучиноW,100003726,0,"1800,00","2700,00"
Р-5455,БордоW,100003722,"2,00","1800,00","2700,00"
Р-5455,ЧерныйW,100003732,"10,00","1800,00","2700,00"
Р-5455,Синий темныйW,100003731,"6,00","1800,00","2700,00"
Р-5455,Черно-серыйW,100003850,"8,00","1800,00","2700,00"
Р-5455,Синий W,100003847,"5,00","1800,00","2700,00"
Р-5455,ЧерныйW - черный,100003856,"10,00","1800,00","2700,00"
Р-5455,Серо-зеленый W,100004291,"2,00","1800,00","2700,00"
Р-5455,Серо-синий W,100004292,"3,00","1800,00","2700,00"
Р-5465,ГорчичныйW,100004276,"3,00","2040,00","2980,00"
Р-5465,МолокоW,100004281,"1,00","2040,00","2980,00"
Р-5465,Зеленый темныйW,100004277,"5,00","2040,00","2980,00"
Р-5465,ЧерныйW - черный,100004290,0,"2040,00","2980,00"
Р-5465,КрасныйW,100004280,0,"2040,00","2980,00"
Р-5465,ЧерныйW,100004289,0,"2040,00","2980,00"
Р-5465,Синий темныйW,100004286,"3,00","2040,00","2980,00"
Р-5465,Синий W,100004285,"2,00","2040,00","2980,00"
Р-5465,Черно-серыйW,100004288,"5,00","2040,00","2980,00"
Р-5465,Серо-синий W,100004284,"4,00","2040,00","2980,00"
Р-5465,КоричневыйW,100004279,"3,00","2040,00","2980,00"
Р-5465,Бежевый темныйW,100004275,"3,00","2040,00","2980,00"
Р-5465,ХакиW,100004287,"2,00","2040,00","2980,00"
Р-5465,Серо-зеленый W,100004283,"2,00","2040,00","2980,00"
Р-5465,КапучиноW,100004278,"2,00","2040,00","2980,00"
Р-5465,ОливковыйW,100004282,"3,00","2040,00","2980,00"
Р-5490,Джинс синий,000002663,0,"900,00","1500,00"
Р-5490,ДжинсЗвезды синий,000002821,"10,00","900,00","1500,00"
Р-5490,ДжинсПэчворк синий,000003575,0,"900,00","1500,00"
Р-5490,ДжинсЦветочки голубой,000003576,"10,00","900,00","1500,00"
Р-5490,Джинс голубой светлый,000003687,"10,00","900,00","1500,00"
Р-5490,Джинс черный,100003680,"10,00","900,00","1500,00"
Р-5490,ДжинсКляксы синий,100003681,"10,00","900,00","1500,00"
Р-5490,ЭтноПолосы бежевые,000001168,"10,00","900,00","1500,00"
Р-5490,ЭтноПолосы голубые,000001167,"10,00","900,00","1500,00"
Р-5490,ЭтноПолосы бордо,000001640,"10,00","900,00","1500,00"
Р-5490,Жирафики беж,000003508,"4,00","900,00","1500,00"
Р-5490,МиМиМишки голубой,000003510,"10,00","900,00","1500,00"
Р-5490,Овечки мята,000003513,0,"900,00","1500,00"
Р-5490,Овечки голубой,000003512,0,"900,00","1500,00"
Р-5490,Алфавит,000003507,"8,00","900,00","1500,00"
Р-5490,МиМиМишки розовый,000003511,"10,00","900,00","1500,00"
Р-5490,ПарижЛюбовь,000003515,"5,00","900,00","1500,00"
Р-5490,Кактусы,000003509,0,"900,00","1500,00"
Р-5490,Фудсики беж,000003516,"9,00","900,00","1500,00"
Р-5490,Овечки розовый,000003514,"4,00","900,00","1500,00"
Р-5490,ФастФуд,000002823,"10,00","900,00","1500,00"
Р-5490,КотоМикс,000002660,"4,00","900,00","1500,00"
Р-5490,СкандиУзор мята,100003285,0,"900,00","1500,00"
Р-5490,СкандиУзор синий,100003287,0,"900,00","1500,00"
Р-5490,СкандиУзор розовый,100003286,"8,00","900,00","1500,00"
Р-5490,Снежинки мята,100003289,"10,00","900,00","1500,00"
Р-5490,Снежинки фиолетовый,100003290,"10,00","900,00","1500,00"
Р-5490,Снежинки голубой,100003288,"10,00","900,00","1500,00"
Р-5490,Мороженное мята,100003599,"4,00","900,00","1500,00"
Р-5490,СовыЛес серый,100003601,0,"900,00","1500,00"
Р-5490,Капкейки светло-желтые,100003598,"7,00","900,00","1500,00"
Р-5490,СовыЛес зеленый,100003600,"1,00","900,00","1500,00"
Р-5533,КантриРозы серые - Сакура,000002773,"5,00","1560,00","2380,00"
Р-5533,Леопард - Небесный,000002777,0,"1560,00","2380,00"
Р-5533,КантриРозы черные - Мята,000002775,0,"1560,00","2380,00"
Р-5533,КантриРозы синие - Сакура,000002774,"6,00","1560,00","2380,00"
Р-5533,Листья желтые - Небесный,000002845,0,"1560,00","2380,00"
Р-5533,Листья красные - Красный,000002846,"4,00","1560,00","2380,00"
Р-5533,КантриРозы капучино - Мята,000003000,0,"1560,00","2380,00"
Р-5533,ДжинсЗвезды синий - Синий,000003313,"1,00","1560,00","2380,00"
Р-5533,ПарижЛюбовь - Сакура,000003315,"10,00","1560,00","2380,00"
Р-5533,Орнамент корич-беж - Беж св,000003314,0,"1560,00","2380,00"
Р-5533,Синий тем - Звезды бел-син-красн,000003316,"4,00","1560,00","2380,00"
Р-5533,СкандиУзор синий - Синий,000003318,"6,00","1560,00","2380,00"
Р-5533,СкандиУзор мята - Мята,000003317,"5,00","1560,00","2380,00"
Р-5533,ФастФуд - Мята,000003319,"8,00","1560,00","2380,00"
Р-5533,Вишенки черно-красные - Зеленый,000003620,"2,00","1560,00","2380,00"
Р-5533,ПровансВело небесный - Сирень,000003623,0,"1560,00","2380,00"
Р-5533,ПровансВело белый - Бордо,000003622,"7,00","1560,00","2380,00"
Р-5533,Коты синие - Персиковый,100003498,"2,00","1560,00","2380,00"
Р-5533,Мороженное мята - Зеленый,100003492,"4,00","1560,00","2380,00"
Р-5533,СовыЛес серый - Бордо,100003494,"3,00","1560,00","2380,00"
Р-5533,СовыЭтно беж - Беж св,100003495,0,"1560,00","2380,00"
Р-5533,СовыЛес зеленый - Фисташковый,100003493,"7,00","1560,00","2380,00"
Р-5533,Коты бирюзовые - Горчичный,100003497,"6,00","1560,00","2380,00"
Р-5533,КошкиМышкиМишки - Сакура,100003496,"1,00","1560,00","2380,00"
Р-5533,Бананы беж - Капучино,100003605,"5,00","1560,00","2380,00"
Р-5533,Бананы мята - Бирюза,100003606,0,"1560,00","2380,00"
Р-5533,Горох голубой-беж - Синий тем,100003607,"10,00","1560,00","2380,00"
Р-5533,КантриКоллажРозы - Бордо,100003608,"10,00","1560,00","2380,00"
Р-5533,Черный - Горох черн-беж,100003960,"2,00","1560,00","2380,00"
Р-5533,ПарижЛюбовь ваниль - Сакура,100004209,"4,00","1560,00","2380,00"
Р-5533,ДжинсОлень синий - Синий тем,100003965,"10,00","1560,00","2380,00"
Р-5533,ОлениЕлки красный - Капучино,100003962,"10,00","1560,00","2380,00"
Р-5533,Снежинки беж-красный - Молоко,100003964,"10,00","1560,00","2380,00"
Р-5533,ОлениЕлки беж-бел - Серо-синий,100003961,"10,00","1560,00","2380,00"
Р-5533,Снежинки беж-бел-бордо - Бордо,100003963,"10,00","1560,00","2380,00"
Р-5538,Корич - Хризантемы корич-оранж,000003584,"2,00","1080,00","1800,00"
Р-5538,Беж тем - Коты бирюзовые,100003871,"1,00","1080,00","1800,00"
Р-5538,ЧерныйП - Этно черный,100003691,0,"1080,00","1800,00"
Р-5538,ЧерныйП - Вишенки черн-красн,100003877,"4,00","1080,00","1800,00"
Р-5538,Капучино-ЭтноПолосы беж-бирюз-кирпич,100003879,"1,00","1080,00","1800,00"
Р-5538,ЧерныйП - СкандиКристал черный,100003690,"2,00","1080,00","1800,00"
Р-5538,Зеленый - СкандиУзор мята,100003878,"5,00","1080,00","1800,00"
Р-5538,Синий - Олень синий Флис,100003308,"10,00","1080,00","1800,00"
Р-5538,СерыйП - Огурцы серо-буро-малин,100004210,"8,00","1080,00","1800,00"
Р-5538,Синий-нэвиП - Звезды бел-син-красн,100004479,"10,00","1080,00","1800,00"
Р-5538,Синий-нэвиП - Хризантемы сине-белые,100004483,"7,00","1080,00","1800,00"
Р-5538,Синий-нэвиП - СкандиУзор синий,100004482,"4,00","1080,00","1800,00"
Р-5538,Синий-нэвиП - СкандиКристал синий,100004481,"6,00","1080,00","1800,00"
Р-5538,Синий-нэвиП - Коты синие,100004480,"10,00","1080,00","1800,00"
Р-5538,Синий-нэвиП - КоллажКантриРозы,100004484,"7,00","1080,00","1800,00"
Р-5538,БежевыйП - Бананы беж,100004475,"10,00","1080,00","1800,00"
Р-5538,БирюзаП - Бананы мята,100004476,"3,00","1080,00","1800,00"
Р-5538,КоричневыйП - ЭтноПолосы корич-бордо,100004478,"8,00","1080,00","1800,00"
Р-5538,БежевыйП - СовыЛес зеленый,100004474,"8,00","1080,00","1800,00"
Р-5538,КоричневыйП - ЭтноСовы беж,100004477,"10,00","1080,00","1800,00"
Р-5538,БежевыйП - Орнамент корич-беж,100004473,"5,00","1080,00","1800,00"
Р-5538,ХакиП - Крокодил хаки-мята,100004516,"5,00","1080,00","1800,00"
Р-5538,Синий-нэвиП - Крокодил синий,100004515,"7,00","1080,00","1800,00"
Р-5538,ЧерныйП - Полосы черно-сине-белые,100004517,"4,00","1080,00","1800,00"
Р-5538,Серо-синийП - ПончикиГазета серая,100004514,"2,00","1080,00","1800,00"
Р-5538,КоричневыйП - ПончикиГазета беж,100004513,"5,00","1080,00","1800,00"
Р-5538,БирюзаП - Пончики мята,100004512,"5,00","1080,00","1800,00"
Р-5538,ЧерныйП - ПончикиГазета черный,100004518,0,"1080,00","1800,00"
Р-5538,МятаП - Мороженное мята,100004745,"10,00","1080,00","1800,00"
Р-5538,Серый-нэвиП - СовыЛес серый,100004746,"7,00","1080,00","1800,00"
Р-5542,Голубой светлый,100004234,"2,00","2160,00","2990,00"
Р-5542,Синий темныйW,100004246,"9,00","2160,00","2990,00"
Р-5542,Зеленый,100004236,0,"2160,00","2990,00"
Р-5542,Черно-серыйW,100004248,"8,00","2160,00","2990,00"
Р-5542,ЧерныйW,100004249,"7,00","2160,00","2990,00"
Р-5542,КирпичW,100004239,"1,00","2160,00","2990,00"
Р-5542,ГорчичныйW,100004235,"2,00","2160,00","2990,00"
Р-5542,Теракотовый W,100004247,"4,00","2160,00","2990,00"
Р-5542,Серо-синий W,100004244,"3,00","2160,00","2990,00"
Р-5542,Серо-зеленый W,100004243,"9,00","2160,00","2990,00"
Р-5542,КоричневыйW,100004240,"7,00","2160,00","2990,00"
Р-5542,КапучиноW,100004238,"5,00","2160,00","2990,00"
Р-5542,МолокоW,100004241,"3,00","2160,00","2990,00"
Р-5542,Синий W,100004245,"2,00","2160,00","2990,00"
Р-5542,ОливковыйW,100004242,"4,00","2160,00","2990,00"
Р-5542,Зеленый темныйW,100004237,"3,00","2160,00","2990,00"
Р-5542,Джинс голубой светлый,100004250,"4,00","2160,00","2990,00"
Р-5542,ДжинсЦветочки голубой,100004256,"3,00","2160,00","2990,00"
Р-5542,Джинс синий,100004251,"6,00","2160,00","2990,00"
Р-5542,ДжинсОлень синий,100004255,"3,00","2160,00","2990,00"
Р-5542,ДжинсЗвезды синий,100004254,"7,00","2160,00","2990,00"
Р-5542,Джинс синий светлый,100004252,"4,00","2160,00","2990,00"
Р-5542,Джинс черный,100004253,"9,00","2160,00","2990,00"
Р-5543,Капучино - ЭтноПолосы беж-бирюз-кирпич,000003018,"1,00","2040,00","2980,00"
Р-5543,Коричневый - ЭтноПолосы корич-бордо,000003019,"9,00","2040,00","2980,00"
Р-5543,КантриРозы серые - Сакура,000003015,"4,00","2040,00","2980,00"
Р-5543,Капучино - Орнамент коричн-беж,000003017,"5,00","2040,00","2980,00"
Р-5543,ЧерныйW,000003028,"9,00","2040,00","2980,00"
Р-5543,Леопард - Небесный,000003021,"6,00","2040,00","2980,00"
Р-5543,КантриРозы черные - Мята,000003016,"3,00","2040,00","2980,00"
Р-5543,Синий темный - Синий,000003027,"2,00","2040,00","2980,00"
Р-5543,Коричневый - Бежевый светлый,000003020,"10,00","2040,00","2980,00"
Р-5543,КантриРозы капучино - Беж светлый,000003358,"2,00","2040,00","2980,00"
Р-5543,КантриРозы синие - Сакура,000003359,"5,00","2040,00","2980,00"
Р-5543,Леопард розовый - Сакура,000003361,"1,00","2040,00","2980,00"
Р-5543,Черный - Тигр рыжий,000003362,"5,00","2040,00","2980,00"
Р-5543,ПровансВело белый - Серый св,000003532,"2,00","2040,00","2980,00"
Р-5543,Якорь синий - Беж св,000003533,"2,00","2040,00","2980,00"
Р-5543,Вишенки черн-красн - Зеленый,000003528,"4,00","2040,00","2980,00"
Р-5543,Капучино - СовыЭтно беж,100003163,"7,00","2040,00","2980,00"
Р-5543,Синий темный - СкандиУзор синий,100003164,"4,00","2040,00","2980,00"
Р-5543,Зеленый - СкандиУзор мята,100003162,0,"2040,00","2980,00"
Р-5543,Шотландка беж-корич-красн - Беж св,100003277,"4,00","2040,00","2980,00"
Р-5543,Шотландка синий-беж-кирпич - Синий,100003278,"6,00","2040,00","2980,00"
Р-5543,Мята - Мороженное мята,100003511,"4,00","2040,00","2980,00"
Р-5543,Капучино - КантриКоллажРозы,100003603,"4,00","2040,00","2980,00"
Р-5543,Розовый - Мороженное розовый,100003604,"4,00","2040,00","2980,00"
Р-5543,Коты бирюзовые - Беж св,100003865,0,"2040,00","2980,00"
Р-5543,Оливковый - СовыЛес зеленый,100003867,"2,00","2040,00","2980,00"
Р-5543,Коты синие - Синий,100003866,"4,00","2040,00","2980,00"
Р-5543,Черный - Камуфляж хаки-желтый,100003870,"3,00","2040,00","2980,00"
Р-5543,Синий темный - Горох голубой-беж,100003869,"4,00","2040,00","2980,00"
Р-5543,Синий - СовыЛес серый,100003868,"3,00","2040,00","2980,00"
Р-5544,Черно-серыйW,100003750,0,"2160,00","2990,00"
Р-5544,Бежевый темный,000001690,"6,00","2160,00","2990,00"
Р-5544,Красный,000003009,"2,00","2160,00","2990,00"
Р-5544,Песочный,000003625,"1,00","2160,00","2990,00"
Р-5544,Зеленый темныйW,100003682,0,"2160,00","2990,00"
Р-5544,ЧерныйW,100003689,"2,00","2160,00","2990,00"
Р-5544,ОливковыйW,100003686,"4,00","2160,00","2990,00"
Р-5544,Синий темныйW,100003688,"9,00","2160,00","2990,00"
Р-5544,КапучиноW,100003683,"1,00","2160,00","2990,00"
Р-5544,Синий W,100003687,"5,00","2160,00","2990,00"
Р-5544,КоричневыйW,100003684,"2,00","2160,00","2990,00"
Р-5544,МолокоW,100003685,"2,00","2160,00","2990,00"
Р-5544,ГорчичныйW,100003749,"1,00","2160,00","2990,00"
Р-5544,Серо-синий W,100004004,"3,00","2160,00","2990,00"
Р-5544,Теракотовый W,100004005,"4,00","2160,00","2990,00"
Р-5544,Серо-зеленый W,100004003,"2,00","2160,00","2990,00"
Р-5544,ХакиW,100004296,"4,00","2160,00","2990,00"
Р-5546,ЧерныйW,100004207,"10,00","2520,00","3490,00"
Р-5546,КапучиноW,100004195,0,"2520,00","3490,00"
Р-5546,МолокоW,100004198,"3,00","2520,00","3490,00"
Р-5546,КоричневыйW,100004196,"3,00","2520,00","3490,00"
Р-5546,Зеленый темныйW,100004194,"2,00","2520,00","3490,00"
Р-5546,ГорчичныйW,100004193,"6,00","2520,00","3490,00"
Р-5546,ОливковыйW,100004199,"4,00","2520,00","3490,00"
Р-5546,Серо-зеленый W,100004200,"2,00","2520,00","3490,00"
Р-5546,Серо-синий W,100004201,"6,00","2520,00","3490,00"
Р-5546,Синий W,100004202,"7,00","2520,00","3490,00"
Р-5546,ХакиW,100004205,"10,00","2520,00","3490,00"
Р-5546,Синий темныйW,100004203,"10,00","2520,00","3490,00"
Р-5546,Бежевый темныйW,100004192,"2,00","2520,00","3490,00"
Р-5546,Теракотовый W,100004204,"5,00","2520,00","3490,00"
Р-5546,Черно-серыйW,100004206,"10,00","2520,00","3490,00"
Р-5546,КрасныйW,100004197,"3,00","2520,00","3490,00"
Р-5548,Бежевый темныйW,100004163,"5,00","2160,00","2990,00"
Р-5548,КоричневыйW,100004165,"4,00","2160,00","2990,00"
Р-5548,Зеленый темныйW,100004176,0,"2160,00","2990,00"
Р-5548,Теракотовый W,100004172,"6,00","2160,00","2990,00"
Р-5548,ОливковыйW,100004168,"7,00","2160,00","2990,00"
Р-5548,Красный,100004166,"5,00","2160,00","2990,00"
Р-5548,Черно-серыйW,100004174,0,"2160,00","2990,00"
Р-5548,МолокоW,100004167,"6,00","2160,00","2990,00"
Р-5548,Серо-зеленый W,100004169,"6,00","2160,00","2990,00"
Р-5548,ХакиW,100004173,"6,00","2160,00","2990,00"
Р-5548,КапучиноW,100004177,0,"2160,00","2990,00"
Р-5548,ГорчичныйW,100004164,"2,00","2160,00","2990,00"
Р-5548,Синий W,100004171,"7,00","2160,00","2990,00"
Р-5548,ЧерныйW,100004175,0,"2160,00","2990,00"
Р-5548,Серо-синий W,100004170,"7,00","2160,00","2990,00"
Р-5548,Синий темныйW,100004179,"10,00","2160,00","2990,00"
Р-5555,Красный,000003630,"3,00","3120,00","4290,00"
Р-5555,Песочный,000003633,"1,00","3120,00","4290,00"
Р-5555,Бежевый темный,000003626,"1,00","3120,00","4290,00"
Р-5555,Зеленый темныйW,100003734,"3,00","3120,00","4290,00"
Р-5555,Синий темныйW,100003738,0,"3120,00","4290,00"
Р-5555,ГорчичныйW,100003733,"5,00","3120,00","4290,00"
Р-5555,ЧерныйW,100003740,0,"3120,00","4290,00"
Р-5555,МолокоW,100003736,0,"3120,00","4290,00"
Р-5555,Черно-серыйW,100003739,"5,00","3120,00","4290,00"
Р-5555,КоричневыйW,100003735,"6,00","3120,00","4290,00"
Р-5555,Синий W,100003737,"4,00","3120,00","4290,00"
Р-5555,ОливковыйW,100004037,"3,00","3120,00","4290,00"
Р-5555,Серо-зеленый W,100004038,"3,00","3120,00","4290,00"
Р-5555,Теракотовый W,100004040,"4,00","3120,00","4290,00"
Р-5555,Серо-синий W,100004039,"2,00","3120,00","4290,00"
Р-5555,ХакиW,100004208,"5,00","3120,00","4290,00"
Р-5571,Хаки,000001565,"2,00","1105,00","1840,00"
Р-5571,Зеленый темный,000002405,"1,00","1105,00","1840,00"
Р-5571,Фисташковый,000002406,"1,00","1105,00","1840,00"
Р-5571,Синий,000002520,0,"1105,00","1840,00"
Р-5571,Горчичный,000002615,"4,00","1105,00","1840,00"
Р-5571,Синий темный,000003225,0,"1105,00","1840,00"
Р-5571,Красный,000002404,"1,00","1105,00","1840,00"
Р-5571,Бежевый темныйW,100004213,"4,00","1105,00","1840,00"
Р-5571,Черно-серыйW,100004226,"10,00","1105,00","1840,00"
Р-5571,МолокоW,100004221,0,"1105,00","1840,00"
Р-5571,ЧерныйW,100004227,"1,00","1105,00","1840,00"
Р-5571,КирпичW,100004219,"4,00","1105,00","1840,00"
Р-5571,ГолубойW,100004215,"4,00","1105,00","1840,00"
Р-5571,КапучиноW,100004218,"1,00","1105,00","1840,00"
Р-5571,Синий темныйW,100004224,"2,00","1105,00","1840,00"
Р-5571,Синий W,100004223,0,"1105,00","1840,00"
Р-5571,КоричневыйW,100004220,0,"1105,00","1840,00"
Р-5571,ОливковыйW,100004222,"1,00","1105,00","1840,00"
Р-5571,БордоW,100004214,"1,00","1105,00","1840,00"
Р-5580,Джинс синий,000003578,"1,00","1320,00","2090,00"
Р-5580,ДжинсЦветочки голубой,000003582,"9,00","1320,00","2090,00"
Р-5580,ДжинсПэчворк синий,000003581,"1,00","1320,00","2090,00"
Р-5580,ДжинсЗвезды синий,000003676,"10,00","1320,00","2090,00"
Р-5580,Джинс голубой светлый,000003686,"10,00","1320,00","2090,00"
Р-5580,Джинс черный вареный,000003684,"10,00","1320,00","2090,00"
Р-5580,Джинс синий вареный,000003685,"10,00","1320,00","2090,00"
Р-5580,Джинс черный,100003575,"3,00","1320,00","2090,00"
Р-5580,ДжинсКляксы синий,100003576,"10,00","1320,00","2090,00"
Р-5591,СкандиЗигЗаг синий,000003182,0,"1140,00","1980,00"
Р-5591,СкандиПолосы красн-бордо,000003183,0,"1140,00","1980,00"
Р-5591,СкандиЗигЗаг бордо,000003181,0,"1140,00","1980,00"
Р-5591,ДжинсОлень синий,100003947,"4,00","1140,00","1980,00"
Р-5591,ОлениЕлки беж-бел,100003943,0,"1140,00","1980,00"
Р-5591,ОлениЕлки красный,100003944,"10,00","1140,00","1980,00"
Р-5591,Снежинки беж-бел-бордо,100003945,"10,00","1140,00","1980,00"
Р-5591,Снежинки беж-красный,100003946,"10,00","1140,00","1980,00"
Р-5593,Кирпич,000000875,"7,00","1560,00","2380,00"
Р-5593,Горчичный,000000876,"7,00","1560,00","2380,00"
Р-5593,Голубой,000000870,"8,00","1560,00","2380,00"
Р-5593,Зеленый,000000872,"5,00","1560,00","2380,00"
Р-5593,Синий,000000869,"10,00","1560,00","2380,00"
Р-5593,Бирюза,000000871,"6,00","1560,00","2380,00"
Р-5593,Черный,000000043,0,"1560,00","2380,00"
Р-5593,Хаки,000000045,"3,00","1560,00","2380,00"
Р-5593,Бежевый темный,000000724,"4,00","1560,00","2380,00"
Р-5593,Сиреневый - Молочный,000001456,"1,00","1560,00","2380,00"
Р-5593,Коричневый,000001667,"9,00","1560,00","2380,00"
Р-5593,Капучино,000002497,0,"1560,00","2380,00"
Р-5593,РозовыйСакура,000002618,"4,00","1560,00","2380,00"
Р-5593,Мята,000002616,"4,00","1560,00","2380,00"
Р-5593,Небесный,000002617,"10,00","1560,00","2380,00"
Р-5593,Абрикосовый,000003619,"4,00","1560,00","2380,00"
Р-5593,Голубой светлый,000003617,"5,00","1560,00","2380,00"
Р-5593,Синий тем,100003392,"10,00","1560,00","2380,00"
Р-5593,Малиновый,100003391,"3,00","1560,00","2380,00"
Р-5593,Капучино - Леопард розовый,000003353,"5,00","1560,00","2380,00"
Р-5593,Черный - Леопард желтый,000003355,"2,00","1560,00","2380,00"
Р-5594,КантриРозы синие,000002636,"5,00","1680,00","2520,00"
Р-5594,КантриРозы черные,000002637,"4,00","1680,00","2520,00"
Р-5594,КантриРозы серые,000002635,"10,00","1680,00","2520,00"
Р-5594,КантриРозы капучино,000002975,"5,00","1680,00","2520,00"
Р-5594,Джинс синий - звезды синий,000002647,"10,00","1680,00","2520,00"
Р-5594,Джинс синий,000002641,"7,00","1680,00","2520,00"
Р-5594,ДжинсЗвезды синий,000002642,"4,00","1680,00","2520,00"
Р-5594,ДжинсЦветочки голубой,000003672,"9,00","1680,00","2520,00"
Р-5594,ДжинсПэчворк синий,000003673,"5,00","1680,00","2520,00"
Р-5594,ДжинсОлень синий,000003213,"10,00","1680,00","2520,00"
Р-5594,Джинс голубой светлый,000003794,"10,00","1680,00","2520,00"
Р-5594,Джинс голубой св  - Звезды бел-син-красн,000003795,"10,00","1680,00","2520,00"
Р-5594,Джинс синий вареный,000003796,"10,00","1680,00","2520,00"
Р-5594,Джинс черный,100003500,"2,00","1680,00","2520,00"
Р-5594,ДжинсКляксы синий,100003499,"10,00","1680,00","2520,00"
Р-5594,МиМиМишки голубой,000003216,"6,00","1680,00","2520,00"
Р-5594,Зайки голубой,000003214,"6,00","1680,00","2520,00"
Р-5594,Зайки персиковый,000003215,"7,00","1680,00","2520,00"
Р-5594,МиМиМишки розовый,000003217,"8,00","1680,00","2520,00"
Р-5594,СкандиУзор синий,000003221,"9,00","1680,00","2520,00"
Р-5594,Снежинки мята,000003223,"5,00","1680,00","2520,00"
Р-5594,СкандиУзор розовый,000003220,"6,00","1680,00","2520,00"
Р-5594,Снежинки голубой,000003222,"8,00","1680,00","2520,00"
Р-5594,СкандиУзор мята,000003219,"10,00","1680,00","2520,00"
Р-5594,Снежинки фиолетовый,000003224,"7,00","1680,00","2520,00"
Р-5594,ПровансВело белый,000003674,"1,00","1680,00","2520,00"
Р-5594,ПровансВело небесный,000003675,"9,00","1680,00","2520,00"
Р-5594,Коты бирюзовые,100003454,0,"1680,00","2520,00"
Р-5594,Коты синие,100003455,"10,00","1680,00","2520,00"
Р-5594,СовыЛес серый,100003459,"3,00","1680,00","2520,00"
Р-5594,СовыЛес зеленый,100003458,0,"1680,00","2520,00"
Р-5594,КошкиМышкиМишки,100003456,"10,00","1680,00","2520,00"
Р-5594,СовыЭтно беж,100003460,"2,00","1680,00","2520,00"
Р-5594,Мороженное мята,100003457,"7,00","1680,00","2520,00"
Р-5594,Горох голубой-беж,100003887,"10,00","1680,00","2520,00"
Р-5594,КоллажКантриРозы,100003888,"10,00","1680,00","2520,00"
Р-5595,ПарижЛюбовь ваниль,100004100,0,"1560,00","2380,00"
Р-5595,Бананы беж,100004096,"3,00","1560,00","2380,00"
Р-5595,СкандиКристал сине-серый,000003123,"6,00","1560,00","2380,00"
Р-5595,Зайки персиковый,000003120,"10,00","1560,00","2380,00"
Р-5595,ФастФуд,000002756,"8,00","1560,00","2380,00"
Р-5595,Хризантемы корич-оранж,000003547,"7,00","1560,00","2380,00"
Р-5595,Хризантемы сине-белые,000002757,"9,00","1560,00","2380,00"
Р-5595,Этно черный,000000847,"8,00","1560,00","2380,00"
Р-5595,Огурцы серо-буро-малиновые,000002454,"10,00","1560,00","2380,00"
Р-5595,Бананы мята,100004097,"2,00","1560,00","2380,00"
Р-5595,ЭтноУзор фиолет-розов,000001045,"3,00","1560,00","2380,00"
Р-5595,Вишенки черно-красные,000003563,"4,00","1560,00","2380,00"
Р-5595,Якорь серый,100003522,"6,00","1560,00","2380,00"
Р-5595,Якорь синий,100003523,"10,00","1560,00","2380,00"
Р-5595,ЭтноПолосы беж-бирюз-кирпич,000001622,"1,00","1560,00","2380,00"
Р-5595,ЭтноПолосы коричн-бордо,000002453,0,"1560,00","2380,00"
Р-5595,Зайки голубой,000003119,"8,00","1560,00","2380,00"
Р-5595,КотоМикс,000002614,"5,00","1560,00","2380,00"
Р-5595,Орнамент коричн-беж,000001621,0,"1560,00","2380,00"
Р-5595,ЗооБум,000002564,"4,00","1560,00","2380,00"
Р-5595,СкандиКристал черно-серый,000003124,"4,00","1560,00","2380,00"
Р-5595,Олень серо-голубой,000001623,"3,00","1560,00","2380,00"
Р-5595,Якорь бежевый,100003521,"7,00","1560,00","2380,00"
Р-5595,КоллажВояж,100004099,0,"1560,00","2380,00"
Р-5595,Камуфляж серый-хаки,100004098,0,"1560,00","2380,00"
Р-5636,Олень бел-черн-красный,100003967,"10,00","1140,00","1980,00"
Р-5691,Олень бел-черн-красный,000001478,"10,00","795,00","1380,00"
Р-5692,Олень бел-черн-красный,000001479,"10,00","1190,00","1980,00"
Р-5719,Пончики мята,100004548,0,"540,00","900,00"
Р-5719,Космос сине-розовый,100004559,0,"540,00","900,00"
Р-5719,Галактика синий,100004557,0,"540,00","900,00"
Р-5719,ЦветыПастель серый,100004555,"2,00","540,00","900,00"
Р-5719,ЦветыПастель лилово-розовый,100004553,"3,00","540,00","900,00"
Р-5719,ЦветыПастель мята,100004554,"1,00","540,00","900,00"
Р-5719,Крокодил синий,100004545,"2,00","540,00","900,00"
Р-5719,Космос серый,100004558,"3,00","540,00","900,00"
Р-5719,ЦветыПастель голубой,100004552,"1,00","540,00","900,00"
Р-5719,Крокодил хаки-мята,100004546,"1,00","540,00","900,00"
Р-5719,БабочкиЦветы синий-серый,100004544,"2,00","540,00","900,00"
Р-5719,ЦветыАватар,100004562,0,"540,00","900,00"
Р-5719,Планеты розовый,100004560,0,"540,00","900,00"
Р-5719,БабочкиЦветы бордо-серый,100004543,"2,00","540,00","900,00"
Р-5719,Планеты серо-розовый,100004561,"3,00","540,00","900,00"
Р-5719,ПончикиГазета черный,100004551,0,"540,00","900,00"
Р-5719,ПончикиГазета серый,100004550,0,"540,00","900,00"
Р-5719,Полосы черно-сине-белые,100004547,"2,00","540,00","900,00"
Р-5719,ЦветыРозы серо-синий,100004556,"1,00","540,00","900,00"
Р-5719,ПончикиГазета беж,100004549,"1,00","540,00","900,00"
Р-5722,ЦветыПастель голубой,100004420,"6,00","900,00","1500,00"
Р-5722,БабочкиЦветы бордо-серый,100004418,"10,00","900,00","1500,00"
Р-5722,ЦветыПастель серый,100004423,"6,00","900,00","1500,00"
Р-5722,ЦветыПастель лилово-розовый,100004421,"6,00","900,00","1500,00"
Р-5722,ЦветыПастель мята,100004422,"1,00","900,00","1500,00"
Р-5722,БабочкиЦветы синий-серый,100004419,"6,00","900,00","1500,00"
Р-5722,ЦветыРозы серо-синий,100004424,"4,00","900,00","1500,00"
Р-5722,Зайцы мята,100004695,"3,00","900,00","1500,00"
Р-5722,МишкиИндейцы голубой,100004703,"2,00","900,00","1500,00"
Р-5722,Рукоделие беж,100004707,"3,00","900,00","1500,00"
Р-5722,ОрхидеиМаки серо-розовый,100004704,"3,00","900,00","1500,00"
Р-5722,Пиксели серо-сине-розовый,100004706,"2,00","900,00","1500,00"
Р-5722,Лисички мята,100004700,0,"900,00","1500,00"
Р-5722,Рыбки голубые,100004708,"3,00","900,00","1500,00"
Р-5722,ЦветыАкварель,100004710,"3,00","900,00","1500,00"
Р-5722,Улитки серые,100004709,"2,00","900,00","1500,00"
Р-5722,МишкиБелые голубой,100004702,"2,00","900,00","1500,00"
Р-5722,КотыКоты,100004698,"5,00","900,00","1500,00"
Р-5722,Макарон мята-розовый,100004701,"2,00","900,00","1500,00"
Р-5722,ОрхидеиМаки серо-сиреневый,100004705,"2,00","900,00","1500,00"
Р-5722,Кэмпинг,100004699,"3,00","900,00","1500,00"
Р-5722,ЗигЗаг серый-темный,100004697,"1,00","900,00","1500,00"
Р-5722,ЗигЗаг серый-светлый,100004696,"1,00","900,00","1500,00"
Р-5732,БабочкиЦветы бордо-серый,100004360,"5,00","960,00","1600,00"
Р-5732,ЦветыПастель голубой,100004362,"5,00","960,00","1600,00"
Р-5732,ЦветыПастель мята,100004364,"7,00","960,00","1600,00"
Р-5732,ЦветыРозы серо-синий,100004366,0,"960,00","1600,00"
Р-5732,ЦветыПастель лилово-розовый,100004363,"10,00","960,00","1600,00"
Р-5732,ЦветыПастель серый,100004365,0,"960,00","1600,00"
Р-5732,БабочкиЦветы синий-серый,100004361,"7,00","960,00","1600,00"
Р-5732,Зайцы мята,100004711,"3,00","960,00","1600,00"
Р-5732,ЗигЗаг серый-светлый,100004712,0,"960,00","1600,00"
Р-5732,КотыКоты,100004714,0,"960,00","1600,00"
Р-5732,Лисички мята,100004716,0,"960,00","1600,00"
Р-5732,МишкиБелые голубой,100004718,"3,00","960,00","1600,00"
Р-5732,ЗигЗаг серый-темный,100004713,"3,00","960,00","1600,00"
Р-5732,Макарон мята-розовый,100004717,"2,00","960,00","1600,00"
Р-5732,МишкиИндейцы голубой,100004719,"3,00","960,00","1600,00"
Р-5732,ОрхидеиМаки серо-розовый,100004720,"3,00","960,00","1600,00"
Р-5732,Улитки серые,100004725,"2,00","960,00","1600,00"
Р-5732,ЦветыАкварель,100004726,"2,00","960,00","1600,00"
Р-5732,ОрхидеиМаки серо-сиреневый,100004721,"2,00","960,00","1600,00"
Р-5732,Рукоделие беж,100004723,"2,00","960,00","1600,00"
Р-5732,Рыбки голубые,100004724,"2,00","960,00","1600,00"
Р-5732,Кэмпинг,100004715,"2,00","960,00","1600,00"
Р-5732,Пиксели серо-сине-розовый,100004722,"3,00","960,00","1600,00"
Р-5736,Звезды синий,000001432,"10,00","1080,00","1800,00"
Р-5736,Планеты серо-розовый,000001436,"5,00","1080,00","1800,00"
Р-5736,Космос сине-розовый,000001438,"10,00","1080,00","1800,00"
Р-5736,ЦветыПастель серый,100004335,0,"1080,00","1800,00"
Р-5736,ЦветыПастель голубой,100004332,"10,00","1080,00","1800,00"
Р-5736,ЦветыРозы серо-синий,100004336,"5,00","1080,00","1800,00"
Р-5736,ЦветыПастель мята,100004334,"6,00","1080,00","1800,00"
Р-5736,ЦветыПастель лилово-розовый,100004333,"6,00","1080,00","1800,00"
Р-5736,БабочкиЦветы бордо-серый,100004330,"6,00","1080,00","1800,00"
Р-5736,БабочкиЦветы синий-серый,100004331,"1,00","1080,00","1800,00"
Р-5736,Галактика синий,000002377,"10,00","1080,00","1800,00"
Р-5736,Планеты розовый,000001434,"10,00","1080,00","1800,00"
Р-5736,Космос серый,000002376,"10,00","1080,00","1800,00"
Р-5736,ГородОсень,000003281,"4,00","1080,00","1800,00"
Р-5736,Марсианские хроники,000003279,"10,00","1080,00","1800,00"
Р-5736,ЦветыАватар,000003282,"10,00","1080,00","1800,00"
Р-5736,Зайцы мята,100004727,"2,00","1080,00","1800,00"
Р-5736,Рукоделие беж,100004739,"6,00","1080,00","1800,00"
Р-5736,ЗигЗаг серый-темный,100004729,"1,00","1080,00","1800,00"
Р-5736,Улитки серые,100004741,0,"1080,00","1800,00"
Р-5736,Рыбки голубые,100004740,"3,00","1080,00","1800,00"
Р-5736,Кэмпинг,100004731,"2,00","1080,00","1800,00"
Р-5736,МишкиИндейцы голубой,100004735,"1,00","1080,00","1800,00"
Р-5736,Макарон мята-розовый,100004733,"3,00","1080,00","1800,00"
Р-5736,КотыКоты,100004730,0,"1080,00","1800,00"
Р-5736,ЗигЗаг серый-светлый,100004728,"3,00","1080,00","1800,00"
Р-5736,ОрхидеиМаки серо-розовый,100004736,"6,00","1080,00","1800,00"
Р-5736,ОрхидеиМаки серо-сиреневый,100004737,"4,00","1080,00","1800,00"
Р-5736,Лисички мята,100004732,0,"1080,00","1800,00"
Р-5736,Пиксели серо-сине-розовый,100004738,0,"1080,00","1800,00"
Р-5736,МишкиБелые голубой,100004734,"1,00","1080,00","1800,00"
Р-5736,ЦветыАкварель,100004742,"3,00","1080,00","1800,00"
Р-5791,Планеты розовый,000001596,"10,00","1020,00","2000,00"
Р-5791,Планеты серо-розовый,000001597,0,"1020,00","2000,00"
Р-5791,Звезды синий,000001595,"10,00","1020,00","2000,00"
Р-5791,Космос сине-розовый,000001598,"10,00","1020,00","2000,00"
Р-5791,Галактика синий,000002379,"10,00","1020,00","2000,00"
Р-5791,Космос серый,000002378,"10,00","1020,00","2000,00"
Р-5791,ГородОсень,000003284,0,"1020,00","2000,00"
Р-5791,ЦветыАватар,000003286,"7,00","1020,00","2000,00"
Р-5791,Марсианские хроники,000003283,"8,00","1020,00","2000,00"
Р-602,Черный - Серый,000001133,"10,00","2390,00","3290,00"
Р-602,Бордо - Черный,000001139,"3,00","2390,00","3290,00"
Р-602,Синий,000001136,"9,00","2390,00","3290,00"
Р-602,Синий яркий - Черный,000001137,"7,00","2390,00","3290,00"
Р-602,Хаки - Беж,000001138,"6,00","2390,00","3290,00"
Р-602,Красный - Серый,000001140,"6,00","2390,00","3290,00"
Р-602,Черный - Оранж,000001134,"10,00","2390,00","3290,00"
Р-602,Серо-голубой,000002608,"7,00","2390,00","3290,00"
Р-602,Синий яркий - Серо-голубой,000003335,"6,00","2390,00","3290,00"
Р-604,Коричневый,000001465,"4,00","2040,00","2980,00"
Р-604,Серый,000001462,"10,00","2040,00","2980,00"
Р-604,Хаки,000001464,"1,00","2040,00","2980,00"
Р-604,Синий,000001463,"4,00","2040,00","2980,00"
Р-604,Черный,000001461,"7,00","2040,00","2980,00"
Р-704,Коричневый,000001469,"10,00","2160,00","2990,00"
Р-704,Хаки,000001490,"10,00","2160,00","2990,00"
Р-704,Черный,000001466,"10,00","2160,00","2990,00"
Р-704,Серый,000001467,"9,00","2160,00","2990,00"
Р-704,Синий,000001468,"3,00","2160,00","2990,00"
Р-801,Бордо,000003034,"5,00","3120,00","4290,00"
Р-801,Серо-голубой,000003035,"2,00","3120,00","4290,00"
Р-801,Черный - Коричневый,000003032,"10,00","3120,00","4290,00"
Р-801,Черный - Бирюза,000003033,"6,00","3120,00","4290,00"
Р-801,Синий яркий - Черный,000003615,"1,00","3120,00","4290,00"
Р-801,Серый - Черный,000003614,"10,00","3120,00","4290,00"
Р-801,Синий,000003616,"1,00","3120,00","4290,00"
Р-801,Желтый,100004633,0,"3120,00","4290,00"
Р-801,Полосы черно-сине-белые,100004634,"1,00","3120,00","4290,00"
Р-801,ЦветыРозы серо-синий,100004635,"1,00","3120,00","4290,00"
Р-801,Малиновый,100004631,"2,00","3120,00","4290,00"
Р-801,Бирюза,100004632,0,"3120,00","4290,00"
Р-93,Горох серый,000001718,"2,00","1140,00","1520,00"
Р-93,Салатовый,000001723,"1,00","1140,00","1520,00"
Р-93,Серый,000001722,0,"1140,00","1520,00"
Р-93,Розовый ярко,000001703,0,"1140,00","1520,00"
Р-93,Сиреневый,000001706,0,"1140,00","1520,00"
Р-93,Узор черный С,000001708,0,"1140,00","1520,00"
Р-93,Черный,000001701,0,"1140,00","1520,00"
Р-93,Сердца черно-розовые С,100003247,0,"1140,00","1520,00"
Р-93,Сердца фиолетово-малиновые С,100003245,"2,00","1140,00","1520,00"
Р-93,Синий,000001702,0,"1140,00","1520,00"
Р-93,Малиновый,000001705,0,"1140,00","1520,00"
Р-93,Лиловый,000001707,0,"1140,00","1520,00"
Р-93,Сердца голубые-синие С,000003351,0,"1140,00","1520,00"
Р-93,Звезды розово-фиолетовые С,000001713,"4,00","1140,00","1520,00"
Р-93,Красный,000001719,"1,00","1140,00","1520,00"
Р-93,Леопард коричневый,000001716,"10,00","1140,00","1520,00"
Р-93,Горох розовый,000001717,"3,00","1140,00","1520,00"
Р-93,ОгурцыЦветы серо-розовые,100003893,0,"1140,00","1520,00"
Р-93,Звезды синие-серые,100003890,"10,00","1140,00","1520,00"
Р-93,ЗигЗагЭтно бирюзовый,100003891,"1,00","1140,00","1520,00"
Р-93,Огурцы голубые,100003892,0,"1140,00","1520,00"
Р-93,Пончик черно-розовый,100003894,0,"1140,00","1520,00"
Р-93,БирюзаК,100004409,0,"1140,00","1520,00"
Р-93,МятаК,100004408,0,"1140,00","1520,00"
С-108,Бежевый,000001447,"8,00","220,00","360,00"
С-108,Черный,000001444,"10,00","220,00","360,00"
С-108,Серый,000001445,"10,00","220,00","360,00"
С-108,Синий,000001446,"10,00","220,00","360,00"
С-108,Хаки,100004029,"10,00","220,00","360,00"
С-1902,Синий темный,000001569,"10,00","300,00","500,00"
С-192.56,Олень бел-черн-красный,000002308,"10,00","625,00","1040,00"
С-4121,Цветы черно-серые,000003742,"1,00","720,00","1200,00"
С-4121,Ромашки черно-белые,000003758,"2,00","720,00","1200,00"
С-4122,Лапки хаки-беж,000003745,"3,00","720,00","1200,00"
С-4122,Лапки красные,000003747,"1,00","720,00","1200,00"
С-4122,Лапки зеленые,000003743,"2,00","720,00","1200,00"
С-4131,Газета беж-черная,000003750,"1,00","720,00","1200,00"
С-4132,Лапки зеленые,000003757,"1,00","720,00","1200,00"
С-4132,Лапки красные,000003752,"2,00","720,00","1200,00"
С-4604,Черный,000003723,"7,00","720,00","1200,00"
С-503.51,Одуванчик черно-фиолетовый,000003729,"1,00","960,00","1600,00"
С-503.51,СпанчБоб,000003731,"4,00","960,00","1600,00"
С-503.51,Мишки синие-салатовые,000003727,"1,00","960,00","1600,00"
С-503.51,Мишки сирень-розовые,000003728,"2,00","960,00","1600,00"
С-5101,Кошмар розово-белый,100003751,"1,00","300,00","500,00"
С-5101,ЦветыМелкие розово-белые,100003752,"1,00","300,00","500,00"
С-5101,ЧерепМатрешки розовый,000003571,"6,00","300,00","500,00"
С-5101,ЦветыРомашки розовый,100003754,"3,00","300,00","500,00"
С-5101,ЦветыРомашки теракот,100003753,"2,00","300,00","500,00"
С-5103,Полосы ультра,100003760,"3,00","360,00","600,00"
С-5103,ПолосыОдуван зеленые,100003759,"8,00","360,00","600,00"
С-5103,Цветы ультра,100003761,"2,00","360,00","600,00"
С-5103,Сердца беж-коричн,100003755,"7,00","360,00","600,00"
С-5103,ЭтноРомб хаки-коричневый,100003758,"8,00","360,00","600,00"
С-5104,Веломишки,100003798,"1,00","300,00","500,00"
С-5104,ЦветыПестрые розовые,100003809,"4,00","300,00","500,00"
С-5104,ЦветыТ салат-оранж,100003805,"2,00","300,00","500,00"
С-5104,Клетка розовая-сиреневая,100003797,0,"300,00","500,00"
С-5104,Горох красно-белый,100003800,"2,00","300,00","500,00"
С-5104,Череп красн-желт-зелен,100003807,"1,00","300,00","500,00"
С-5104,ЦветыТ розово-оранж,100003806,"3,00","300,00","500,00"
С-5104,Сердца бело-розовые,100003799,"1,00","300,00","500,00"
С-5104,ЦветыРомашки теракот,100003804,"1,00","300,00","500,00"
С-5104,Огурцы салатовые,100003803,0,"300,00","500,00"
С-5104,ГорохМелкий розово-белый,100003801,"1,00","300,00","500,00"
С-5104,СобакиТаксы,100003808,"9,00","300,00","500,00"
С-5104,Цветы коричн-беж-гол,100003802,0,"300,00","500,00"
С-5105,Горох 3-х цв голубой,100003773,"2,00","420,00","700,00"
С-5105,Свин черный,100003774,"2,00","420,00","700,00"
С-5105,Цветы коричн-беж-гол,100003770,0,"420,00","700,00"
С-5105,Цветы бордо-беж-роз,100003765,"2,00","420,00","700,00"
С-5105,ЦветыРомашки розовый,100003762,"3,00","420,00","700,00"
С-5105,ЦветыРомашки салат,100003764,"2,00","420,00","700,00"
С-5105,ЦветыРомашки теракот,100003768,"4,00","420,00","700,00"
С-5105,ЧерепМелкий черно-белый,100003776,"6,00","420,00","700,00"
С-5105,ЧерепМелкий черно-зеленый,100003777,"1,00","420,00","700,00"
С-5105,Эмили голубой,100003780,"1,00","420,00","700,00"
С-5105,Эмили фиолетовый,100003779,"1,00","420,00","700,00"
С-5105,Огурцы салатовые,100003775,0,"420,00","700,00"
С-5105,КошмарДС черно-белый,100003782,"1,00","420,00","700,00"
С-5105,Цветы бежевые-бордо,100003769,0,"420,00","700,00"
С-5105,Цветы черные-беж-гол,100003771,"2,00","420,00","700,00"
С-5105,ЦветыРомашки голубые,100003763,"2,00","420,00","700,00"
С-5105,Мишки сирень-розовые,100003785,0,"420,00","700,00"
С-5105,Кошмар розово-белый,100003781,"1,00","420,00","700,00"
С-5105,Горох 3-х цв розовый,100003772,"1,00","420,00","700,00"
С-5105,ЧерепМелкий черно-розовый,100003778,"1,00","420,00","700,00"
С-5110,Звезды розово-фиолетовые С,000002854,"10,00","120,00","200,00"
С-5110,Зебра,000002747,"3,00","120,00","200,00"
С-5110,Завитки серо-розовые,000002856,"6,00","120,00","200,00"
С-5110,Сердца розовые С,000002855,"10,00","120,00","200,00"
С-5110,ФлагБританияГазета,000001636,"10,00","120,00","200,00"
С-5110,Узор черный С,000002851,"10,00","120,00","200,00"
С-5110,Леопард коричневый,000002857,"4,00","120,00","200,00"
С-5110,Газета беж-черная,000001637,"10,00","120,00","200,00"
С-5110,Диско черный,000003346,"1,00","120,00","200,00"
С-5110,Сердца черно-розовые С,000003348,"2,00","120,00","200,00"
С-5110,Сердца фиолетово-малиновые С,000003349,"8,00","120,00","200,00"
С-5110,Сердца голубые-синие С,000003695,"6,00","120,00","200,00"
С-5110,Завитки розово-малиновые,000003347,"3,00","120,00","200,00"
С-5110,ОгурцыЦветы серо-розовые,100003485,"7,00","120,00","200,00"
С-5110,Бордо,100003482,"2,00","120,00","200,00"
С-5110,Звезды синие-серые,100003484,"5,00","120,00","200,00"
С-5110,Серо-фиолетовый,100003490,"4,00","120,00","200,00"
С-5112,Синий,000002748,0,"480,00","800,00"
С-5112,Хаки,000001036,"7,00","480,00","800,00"
С-5112,Черно-серый,000001035,"10,00","480,00","800,00"
С-5112,Черный,000001034,"10,00","480,00","800,00"
С-5112,Зеленый темный - Корич,100003152,"7,00","480,00","800,00"
С-5112,Оливковый - Корич,100003155,"2,00","480,00","800,00"
С-5112,Капучино,100003710,"3,00","480,00","800,00"
С-5112,Горчичный - Корич,100003151,"2,00","480,00","800,00"
С-5112,Бежевый темный,000001037,"8,00","480,00","800,00"
С-5112,Молоко - Корич,100003154,0,"480,00","800,00"
С-5112,Синий темный,100004058,0,"480,00","800,00"
С-5112,Коричневый,000002749,"1,00","480,00","800,00"
С-5112,Серо-зеленый,100004057,"2,00","480,00","800,00"
С-5112,Серо-синий,100004642,"1,00","480,00","800,00"
С-5115,Мишки сирень-розовые,100003791,0,"480,00","800,00"
С-5115,Одуванчик черно-фиолетовый,000001614,"3,00","480,00","800,00"
С-5117,ЭтноПолосы голубые,000003436,"10,00","435,00","720,00"
С-5117,ЭтноПолосы бордо,000003435,"10,00","435,00","720,00"
С-5117,ЭтноПолосы бежевые,000003434,"10,00","435,00","720,00"
С-5120,Полосы оранж-фиолет,000001473,0,"470,00","780,00"
С-5120,КоллажПрованс,000002698,0,"470,00","780,00"
С-5120,Огурцы серо-буро-малиновые,000002701,0,"470,00","780,00"
С-5120,Полосы одуван зеленые,000001472,"8,00","470,00","780,00"
С-5120,ФастФуд,000002689,0,"470,00","780,00"
С-5120,ФлагБритания,000002704,"7,00","470,00","780,00"
С-5120,КоллажКартыФлаги,000002688,0,"470,00","780,00"
С-5120,КотоМикс,000002699,0,"470,00","780,00"
С-5120,Этно черный,000002709,0,"470,00","780,00"
С-5120,ЭтноПолосы беж-бирюз-кирпич,000002694,0,"470,00","780,00"
С-5120,ЭтноПолосы коричн-бордо,000002695,0,"470,00","780,00"
С-5120,ЭтноПолосы розово-беж,000002705,"10,00","470,00","780,00"
С-5120,ЭтноУзор фиолет-розов,000002706,0,"470,00","780,00"
С-5120,ЦветыВиола желт-корич,000002693,0,"470,00","780,00"
С-5120,ЦветыВиола голубые-беж,000002692,0,"470,00","780,00"
С-5120,Папортник синий-бирюза,000002702,0,"470,00","780,00"
С-5120,Галактика синий,000003461,"9,00","470,00","780,00"
С-5120,Призмы серо-салатовые,000003457,"1,00","470,00","780,00"
С-5120,СкандиУзор розово-бирюзовый,000003456,0,"470,00","780,00"
С-5120,СкандиКристал сине-серый,000003454,0,"470,00","780,00"
С-5120,СкандиУзор изумруд-сиреневый,000003451,0,"470,00","780,00"
С-5120,Планеты серо-розовый,000003463,"6,00","470,00","780,00"
С-5120,Листья желтые,000003452,0,"470,00","780,00"
С-5120,Планеты розовый,000003462,"1,00","470,00","780,00"
С-5120,Орнамент коричнево-беж,000003453,0,"470,00","780,00"
С-5120,Космос сине-розовый,000003459,"4,00","470,00","780,00"
С-5120,Марсианские хроники,000003458,"9,00","470,00","780,00"
С-5120,Космос серый,000003460,"10,00","470,00","780,00"
С-5142,Мишки сирень-розовые,000003764,"1,00","960,00","1600,00"
С-5142,СпанчБоб,000003765,"2,00","960,00","1600,00"
С-5142,Лапки коричнево-беж,000003761,"1,00","960,00","1600,00"
С-5142,Эмили голубой,000003770,"1,00","960,00","1600,00"
С-5144,Елка серая,000003735,"2,00","720,00","1200,00"
С-5144,Клетка голубая-черная,000003733,"1,00","720,00","1200,00"
С-5144,КошмарДС черно-белый,000003701,"3,00","720,00","1200,00"
С-5144,Кошмар черно-бежевый,000003700,"1,00","720,00","1200,00"
С-5144,Лапки коричнево-беж,000003736,"2,00","720,00","1200,00"
С-5144,Одуванчик черно-фиолетовый,000003704,"4,00","720,00","1200,00"
С-5144,Мишки синие-салатовые,000003702,"3,00","720,00","1200,00"
С-5144,Мишки сирень-розовые,000003703,"6,00","720,00","1200,00"
С-5144,СхемаМетро,000003708,"1,00","720,00","1200,00"
С-5144,СпанчБоб,000003707,"3,00","720,00","1200,00"
С-5144,ЧерепКрупный черно-белый,000003710,"1,00","720,00","1200,00"
С-5144,Свин черный,000003705,"2,00","720,00","1200,00"
С-5144,Эмили фиолетовый,000003712,"7,00","720,00","1200,00"
С-5144,Эмили голубой,000003711,"7,00","720,00","1200,00"
С-5212,Бежевый светлый,100004661,"5,00","780,00","1300,00"
С-5212,Блестки черный,100004677,0,"780,00","1300,00"
С-5212,Лазурный,100004670,"6,00","780,00","1300,00"
С-5212,Блестки серебро,100004676,"4,00","780,00","1300,00"
С-5212,Блестки малиновый,100004675,"7,00","780,00","1300,00"
С-5212,Кофейный,100004668,"5,00","780,00","1300,00"
С-5212,Сиреневый,100004672,"4,00","780,00","1300,00"
С-5212,Фисташковый,100004673,"6,00","780,00","1300,00"
С-5212,Черный,100004674,"4,00","780,00","1300,00"
С-5212,Красный,100004669,"2,00","780,00","1300,00"
С-5212,Коричневый тем,100004666,"2,00","780,00","1300,00"
С-5212,Белый,100004662,"6,00","780,00","1300,00"
С-5212,Бордо,100004663,"5,00","780,00","1300,00"
С-5212,Оливковый,100004671,"5,00","780,00","1300,00"
С-5212,Коричнево-рыжий,100004667,"1,00","780,00","1300,00"
С-5212,Желтый,100004665,0,"780,00","1300,00"
С-5212,Голубой,100004664,"10,00","780,00","1300,00"
С-5212,Блестки голубой,100004789,"2,00","780,00","1300,00"
С-5213,Бордо,100004683,"2,00","720,00","1200,00"
С-5213,Блестки серебро,100004681,"8,00","720,00","1200,00"
С-5213,Коричнево-рыжий,100004686,"4,00","720,00","1200,00"
С-5213,Голубой,100004684,"5,00","720,00","1200,00"
С-5213,Коричневый тем,100004687,"5,00","720,00","1200,00"
С-5213,Блестки черный,100004682,"5,00","720,00","1200,00"
С-5213,Фисташковый,100004693,"2,00","720,00","1200,00"
С-5213,Лазурный,100004690,"5,00","720,00","1200,00"
С-5213,Красный,100004689,0,"720,00","1200,00"
С-5213,Сиреневый,100004692,"3,00","720,00","1200,00"
С-5213,Белый,100004679,"3,00","720,00","1200,00"
С-5213,Оливковый,100004691,"1,00","720,00","1200,00"
С-5213,Блестки малиновый,100004680,"8,00","720,00","1200,00"
С-5213,Черный,100004694,"10,00","720,00","1200,00"
С-5213,Бежевый светлый,100004678,"3,00","720,00","1200,00"
С-5213,Кофейный,100004688,"6,00","720,00","1200,00"
С-5213,Желтый,100004685,0,"720,00","1200,00"
С-5213,Блестки голубой,100004777,"10,00","720,00","1200,00"
С-5310,Бордо тем,100004564,"2,00","120,00","200,00"
С-5310,Изумруд,100004567,"1,00","120,00","200,00"
С-5310,Коричневый,100004572,"1,00","120,00","200,00"
С-5310,Черный,100004575,"1,00","120,00","200,00"
С-5310,Бордо,100004565,"1,00","120,00","200,00"
С-5310,Серый,100004568,"3,00","120,00","200,00"
С-5310,Синий нэви,100004573,"8,00","120,00","200,00"
С-5310,Голубой,100004566,"2,00","120,00","200,00"
С-5310,Синий,100004574,"2,00","120,00","200,00"
С-5310,Хаки,100004569,"1,00","120,00","200,00"
С-5502,Вишенки черно-красные,100004059,"3,00","300,00","500,00"
С-5502,Космос сине-розовый,100004071,0,"300,00","500,00"
С-5502,Коты бирюзовые,100004072,"10,00","300,00","500,00"
С-5502,Коты синие,100004073,"2,00","300,00","500,00"
С-5502,Мороженное мята,100004074,"5,00","300,00","500,00"
С-5502,Мороженное розовый,100004075,"6,00","300,00","500,00"
С-5502,Огурцы серо-буро-малиновые,100004076,"7,00","300,00","500,00"
С-5502,ДжинсЗвезды синий,100004061,"7,00","300,00","500,00"
С-5502,ПровансВело белый,100004078,"8,00","300,00","500,00"
С-5502,ПровансВело небесный,100004079,"10,00","300,00","500,00"
С-5502,ПровансКаникулы белый,100004093,"7,00","300,00","500,00"
С-5502,ПровансКаникулы небесный,100004094,"4,00","300,00","500,00"
С-5502,КоллажКантриРозы,100004070,"4,00","300,00","500,00"
С-5502,Камуфляж хаки-черный,100004063,"2,00","300,00","500,00"
С-5502,СкандиУзор мята,100004082,"6,00","300,00","500,00"
С-5502,КантриРозы капучино,100004064,"7,00","300,00","500,00"
С-5502,СкандиУзор синий,100004084,"3,00","300,00","500,00"
С-5502,Галактика синий,100004060,"2,00","300,00","500,00"
С-5502,СовыЛес серый,100004086,"6,00","300,00","500,00"
С-5502,СовыЛес зеленый,100004085,"9,00","300,00","500,00"
С-5502,СовыЭтно беж,100004087,"1,00","300,00","500,00"
С-5502,Камуфляж серый-хаки,100004062,"2,00","300,00","500,00"
С-5502,ЭтноПолосы беж-бирюз-кирпич,100004090,"2,00","300,00","500,00"
С-5502,Птички голубые,100004080,"6,00","300,00","500,00"
С-5502,ЭтноУзор фиолет-розов,100004092,"8,00","300,00","500,00"
С-5502,КантриРозы серые,100004065,"3,00","300,00","500,00"
С-5502,ФастФуд,100004088,0,"300,00","500,00"
С-5502,Этно черный,100004089,"4,00","300,00","500,00"
С-5502,КантриРозы синие,100004066,"6,00","300,00","500,00"
С-5502,КоллажВояж,100004069,"5,00","300,00","500,00"
С-5502,ЭтноПолосы коричн-бордо,100004091,"10,00","300,00","500,00"
С-5502,СкандиУзор розовый,100004083,"4,00","300,00","500,00"
С-5502,СкандиУзор изумруд-сиреневый,100004081,"3,00","300,00","500,00"
С-5502,ПарижЛюбовь ваниль,100004077,"7,00","300,00","500,00"
С-5502,КантриРозы черные,100004067,"8,00","300,00","500,00"
С-5502,Капкейки светло-желтые,100004068,"4,00","300,00","500,00"
С-5510,Джинс голубой светлый,100003361,"2,00","180,00","300,00"
С-5510,Джинс черный вареный,100003362,"1,00","180,00","300,00"
С-5510,Джинс синий,000002790,0,"180,00","300,00"
С-5510,ДжинсЦветочки голубой,000003783,"1,00","180,00","300,00"
С-5510,ДжинсЗвезды синий,000003337,0,"180,00","300,00"
С-5510,Синий,100003351,"1,00","180,00","300,00"
С-5510,Зеленый,100003350,"1,00","180,00","300,00"
С-5510,Голубой,100003352,"2,00","180,00","300,00"
С-5510,Капучино,100003355,"9,00","180,00","300,00"
С-5510,КотоМикс,000002723,"2,00","180,00","300,00"
С-5510,ФастФуд,000002714,"2,00","180,00","300,00"
С-5510,Огурцы розовые,000002782,"10,00","180,00","300,00"
С-5510,ЭтноПолосы розово-беж,000002738,"10,00","180,00","300,00"
С-5510,ЭтноПолосы коричн-бордо,000002737,"10,00","180,00","300,00"
С-5510,КантриРозы синие,000002720,"10,00","180,00","300,00"
С-5510,ЭтноПолосы беж-бирюз-кирпич,000002736,"9,00","180,00","300,00"
С-5510,ПолосыОдуван зеленые,000002710,"5,00","180,00","300,00"
С-5510,КантриРозы серые,000002792,"10,00","180,00","300,00"
С-5510,КантриРозы черные,000002793,"10,00","180,00","300,00"
С-5510,Призмы серо-салатовые,000002842,"6,00","180,00","300,00"
С-5510,Орнамент коричнево-беж,000002839,"4,00","180,00","300,00"
С-5510,Огурцы серо-буро-малиновые,000002725,"7,00","180,00","300,00"
С-5510,Зайки персиковый,000003274,"3,00","180,00","300,00"
С-5510,КошмарДС черно-белый,000003376,"5,00","180,00","300,00"
С-5510,Модистки мята,000003343,"1,00","180,00","300,00"
С-5510,Свин белый,000002865,"10,00","180,00","300,00"
С-5510,Листья красные,000002920,"5,00","180,00","300,00"
С-5510,Листья желтые,000002919,"2,00","180,00","300,00"
С-5510,СкандиУзор синий,000003342,"5,00","180,00","300,00"
С-5510,СкандиУзор мята,000003341,"9,00","180,00","300,00"
С-5510,ПарижЛюбовь,000003339,"2,00","180,00","300,00"
С-5510,Цветы черные-беж-гол,000002929,"4,00","180,00","300,00"
С-5510,Цветы коричн-беж-гол,000002928,"10,00","180,00","300,00"
С-5510,Цветы бордо-беж-роз,000002927,"5,00","180,00","300,00"
С-5510,Свин черный,000002864,"4,00","180,00","300,00"
С-5510,Зайки голубой,000003273,"4,00","180,00","300,00"
С-5510,КантриРозы капучино,000003338,"10,00","180,00","300,00"
С-5510,МиМиМишки розовый,000003397,"10,00","180,00","300,00"
С-5510,СкандиЗигЗаг бордо,000003416,"3,00","180,00","300,00"
С-5510,СкандиЗигЗаг синий,000003417,"4,00","180,00","300,00"
С-5510,ПровансКаникулы белый,000003775,"10,00","180,00","300,00"
С-5510,ПровансКаникулы небесный,000003776,"5,00","180,00","300,00"
С-5510,МиМиМишки голубой,000003396,"10,00","180,00","300,00"
С-5510,СовыЭтно беж,000003777,0,"180,00","300,00"
С-5510,СкандиУзор розовый,000003398,"4,00","180,00","300,00"
С-5510,Вишенки черно-красные,000003785,"1,00","180,00","300,00"
С-5510,Бананы беж,100003612,"4,00","180,00","300,00"
С-5510,КоллажПочта мята,100003342,"10,00","180,00","300,00"
С-5510,Коты синие,100003374,"3,00","180,00","300,00"
С-5510,Мороженное мята,100003380,"4,00","180,00","300,00"
С-5510,Коты бирюзовые,100003373,"5,00","180,00","300,00"
С-5510,Леопард розовый,000003786,"5,00","180,00","300,00"
С-5510,ПровансВело белый,100003344,"10,00","180,00","300,00"
С-5510,КошкиМышкиМишки,100003375,"10,00","180,00","300,00"
С-5510,ПэчворкЦветы беж-бордо,100003346,"2,00","180,00","300,00"
С-5510,СкандиКристал сине-серый,000003789,"5,00","180,00","300,00"
С-5510,СкандиКристал черно-серый,100003334,"7,00","180,00","300,00"
С-5510,СкандиУзор изумруд-сиреневый,000003791,"8,00","180,00","300,00"
С-5510,СкандиУзор розово-бирюзовый,000003792,"2,00","180,00","300,00"
С-5510,Птички голубые,000003787,"4,00","180,00","300,00"
С-5510,СовыЛес серый,100003382,"9,00","180,00","300,00"
С-5510,СовыЛес зеленый,100003381,"1,00","180,00","300,00"
С-5510,Капкейки светло-желтые,100003517,"6,00","180,00","300,00"
С-5510,Хризантемы корич-оранж,100003339,"1,00","180,00","300,00"
С-5510,КоллажВояж,100003651,"10,00","180,00","300,00"
С-5510,Шотландка сине-зеленая,100003336,0,"180,00","300,00"
С-5510,Шотландка синий-беж-кирпич,100003337,0,"180,00","300,00"
С-5510,ЭтноПолосы сирень-голубые,000003788,0,"180,00","300,00"
С-5510,Хризантемы сине-белые,100003331,"6,00","180,00","300,00"
С-5510,ЭтноУзор фиолет-розов,100003332,"2,00","180,00","300,00"
С-5510,Яблоки черно-серебристые,000003379,"6,00","180,00","300,00"
С-5510,Якорь бежевый,100003514,"3,00","180,00","300,00"
С-5510,МорскойМикс,100003518,"1,00","180,00","300,00"
С-5510,Якорь синий,100003349,"10,00","180,00","300,00"
С-5510,Горох голубой-беж,100003652,"8,00","180,00","300,00"
С-5510,ЭтноРомб хаки-коричневый,100003340,"3,00","180,00","300,00"
С-5510,Камуфляж хаки-черный,100003333,0,"180,00","300,00"
С-5510,КоллажКантриРозы,100003650,"9,00","180,00","300,00"
С-5510,Бананы мята,100003613,"10,00","180,00","300,00"
С-5510,Якорь серый,100003515,0,"180,00","300,00"
С-5510,Шотландка беж-корич-красн,100003347,0,"180,00","300,00"
С-5510,Шотландка беж-хаки,100003348,"1,00","180,00","300,00"
С-5510,Апельсин оранж-блю,100003341,"1,00","180,00","300,00"
С-5510,КоллажПочта сиреневый,100003343,"10,00","180,00","300,00"
С-5510,Камуфляж серый-хаки,100004095,0,"180,00","300,00"
С-5510,Эмили фиолетовый,000002866,"10,00","180,00","300,00"
С-5510,Клетка МистерМисс,000003374,"4,00","180,00","300,00"
С-5510,Эмили голубой,000002867,"10,00","180,00","300,00"
С-5510,Кошмар черно-бежевый,000003375,"9,00","180,00","300,00"
С-5510,Леопард серый,000003395,0,"180,00","300,00"
С-5510,Пэчворк,000003275,0,"180,00","300,00"
С-5510,ПровансВело небесный,100003345,"5,00","180,00","300,00"
С-5510,Мороженное розовый,100003614,"5,00","180,00","300,00"
С-5510,СпанчБоб,000003377,"10,00","180,00","300,00"
С-5510,СкандиПолосы красн-бордо,000003418,"6,00","180,00","300,00"
С-5510,Цветы черные-голубые,000003378,"10,00","180,00","300,00"
С-5510,Шотландка черно-серая,100003338,"2,00","180,00","300,00"
С-5511,ПровансВело белый,100003699,"10,00","480,00","800,00"
С-5511,Вишенки черно-красные,100004048,"1,00","480,00","800,00"
С-5511,Космос сине-розовый,100004047,"3,00","480,00","800,00"
С-5511,Огурцы серо-буро-малиновые,100004052,"6,00","480,00","800,00"
С-5511,КоллажВояж,100004051,"8,00","480,00","800,00"
С-5511,КантриРозы капучино,100003692,"9,00","480,00","800,00"
С-5511,Коты бирюзовые,100003697,"5,00","480,00","800,00"
С-5511,СкандиУзор мята,100003702,"5,00","480,00","800,00"
С-5511,Коты синие,100003698,"10,00","480,00","800,00"
С-5511,ПровансВело небесный,100003700,"10,00","480,00","800,00"
С-5511,СкандиУзор розовый,100003703,"6,00","480,00","800,00"
С-5511,СовыЛес серый,100003706,"8,00","480,00","800,00"
С-5511,СовыЭтно беж,100003707,"10,00","480,00","800,00"
С-5511,ФастФуд,100003708,"2,00","480,00","800,00"
С-5511,Этно черный,100003709,"10,00","480,00","800,00"
С-5511,ЭтноПолосы беж-бирюз-кирпич,100004054,0,"480,00","800,00"
С-5511,СовыЛес зеленый,100003705,"10,00","480,00","800,00"
С-5511,СкандиУзор синий,100003704,"10,00","480,00","800,00"
С-5511,Камуфляж серый-хаки,100004050,0,"480,00","800,00"
С-5511,Птички голубые,100003701,"7,00","480,00","800,00"
С-5511,ЭтноПолосы коричн-бордо,100004055,"1,00","480,00","800,00"
С-5511,Галактика синий,100004046,"3,00","480,00","800,00"
С-5511,КантриРозы черные,100003695,"10,00","480,00","800,00"
С-5511,Капкейки светло-желтые,100003696,"4,00","480,00","800,00"
С-5511,Камуфляж хаки-черный,100004049,0,"480,00","800,00"
С-5511,КантриРозы серые,100003693,"10,00","480,00","800,00"
С-5511,КантриРозы синие,100003694,"10,00","480,00","800,00"
С-5514,Горчичный,000003640,"2,00","710,00","1180,00"
С-5514,Песочный,000003646,0,"710,00","1180,00"
С-5514,Хаки,000003649,"6,00","710,00","1180,00"
С-5514,Зеленый темный,000003641,0,"710,00","1180,00"
С-5514,Оливковый,000003645,"4,00","710,00","1180,00"
С-5514,Красный,000003643,"6,00","710,00","1180,00"
С-5514,Бежевый темный,000003639,0,"710,00","1180,00"
С-5514,Коричневый,000003642,"1,00","710,00","1180,00"
С-5514,Синий,000003647,"5,00","710,00","1180,00"
С-5514,Синий темный,000003648,"5,00","710,00","1180,00"
С-5514,Черный,000003651,0,"710,00","1180,00"
С-5514,Черно-серый,000003650,0,"710,00","1180,00"
С-5560,Бежевый темный,100003824,"5,00","1680,00","2520,00"
С-5560,Красный,100003825,"2,00","1680,00","2520,00"
С-5560,МолокоW,100003834,"5,00","1680,00","2520,00"
С-5560,Синий W,100003837,"7,00","1680,00","2520,00"
С-5560,ЧерныйW,100003839,"1,00","1680,00","2520,00"
С-5560,ОливковыйW,100003835,"2,00","1680,00","2520,00"
С-5560,ГолубойW,100003827,"6,00","1680,00","2520,00"
С-5560,Зеленый темныйW,100003830,"4,00","1680,00","2520,00"
С-5560,Черно-серыйW,100003838,"7,00","1680,00","2520,00"
С-5560,БордоW,100003828,"5,00","1680,00","2520,00"
С-5560,ХакиW,100003826,"4,00","1680,00","2520,00"
С-5560,Синий темныйW,100003836,"5,00","1680,00","2520,00"
С-5560,ГорчичныйW,100003829,"4,00","1680,00","2520,00"
С-5560,КоричневыйW,100003833,"4,00","1680,00","2520,00"
С-5560,КапучиноW,100003831,"4,00","1680,00","2520,00"
С-5560,КирпичW,100003832,"2,00","1680,00","2520,00"
С-5702,БабочкиЦветы бордо-серый,100004425,"6,00","300,00","500,00"
С-5702,ЦветыПастель серый,100004430,"7,00","300,00","500,00"
С-5702,БабочкиЦветы синий-серый,100004426,"4,00","300,00","500,00"
С-5702,ЦветыПастель голубой,100004427,"7,00","300,00","500,00"
С-5702,ЦветыПастель мята,100004429,"6,00","300,00","500,00"
С-5702,ЦветыПастель лилово-розовый,100004428,"6,00","300,00","500,00"
С-5702,ЦветыРозы серо-синий,100004431,"7,00","300,00","500,00"
С-5710,Галактика синий,000002784,"7,00","180,00","300,00"
С-5710,Планеты серо-розовый,000002789,"10,00","180,00","300,00"
С-5710,Планеты розовый,000002788,"10,00","180,00","300,00"
С-5710,Звезды синий,000002785,"1,00","180,00","300,00"
С-5710,Космос серый,000002786,"10,00","180,00","300,00"
С-5710,Космос сине-розовый,000002787,"7,00","180,00","300,00"
С-5710,ГородЛуна,000003345,"7,00","180,00","300,00"
С-5710,Марсианские хроники,000003344,"9,00","180,00","300,00"
С-5710,ЦветыАватар,000003772,"10,00","180,00","300,00"
С-5710,БабочкиЦветы бордо-серый,100004432,"10,00","180,00","300,00"
С-5710,ЦветыПастель серый,100004437,"10,00","180,00","300,00"
С-5710,ЦветыРозы серо-синий,100004438,"10,00","180,00","300,00"
С-5710,ЦветыПастель лилово-розовый,100004435,"10,00","180,00","300,00"
С-5710,ЦветыПастель мята,100004436,"10,00","180,00","300,00"
С-5710,ЦветыПастель голубой,100004434,"10,00","180,00","300,00"
С-5710,БабочкиЦветы синий-серый,100004433,"9,00","180,00","300,00"
С-5710,Крокодил синий,100004534,"6,00","180,00","300,00"
С-5710,Полосы черно-сине-белые,100004536,"6,00","180,00","300,00"
С-5710,ПончикиГазета серый,100004538,0,"180,00","300,00"
С-5710,Крокодил хаки-мята,100004535,"5,00","180,00","300,00"
С-5710,ПончикиГазета черный,100004539,0,"180,00","300,00"
С-5710,ПончикиГазета беж,100004537,0,"180,00","300,00"
С-5710,Пончики мята,100004540,0,"180,00","300,00"
С-5713,Зайцы мята,100004754,"5,00","600,00","990,00"
С-5713,ЗигЗаг серый-светлый,100004755,"2,00","600,00","990,00"
С-5713,КотыКоты,100004757,"6,00","600,00","990,00"
С-5713,БабочкиЦветы бордо-серый,100004770,"5,00","600,00","990,00"
С-5713,ЗигЗаг серый-темный,100004756,"5,00","600,00","990,00"
С-5713,Макарон мята-розовый,100004760,"2,00","600,00","990,00"
С-5713,Лисички мята,100004759,"3,00","600,00","990,00"
С-5713,Кэмпинг,100004758,"7,00","600,00","990,00"
С-5713,МишкиИндейцы голубой,100004762,"2,00","600,00","990,00"
С-5713,БабочкиЦветы синий-серый,100004771,"4,00","600,00","990,00"
С-5713,ОрхидеиМаки серо-сиреневый,100004764,"2,00","600,00","990,00"
С-5713,ОрхидеиМаки серо-розовый,100004763,"2,00","600,00","990,00"
С-5713,МишкиБелые голубой,100004761,"1,00","600,00","990,00"
С-5713,Пиксели серо-сине-розовый,100004765,"2,00","600,00","990,00"
С-5713,Рыбки голубые,100004767,"8,00","600,00","990,00"
С-5713,ЦветыПастель мята,100004774,"5,00","600,00","990,00"
С-5713,ЦветыПастель голубой,100004772,"4,00","600,00","990,00"
С-5713,ЦветыАкварель,100004769,"2,00","600,00","990,00"
С-5713,ЦветыПастель серый,100004775,"1,00","600,00","990,00"
С-5713,ЦветыПастель лилово-розовый,100004773,"5,00","600,00","990,00"
С-5713,ЦветыРозы серо-синий,100004776,"4,00","600,00","990,00"
С-5713,Улитки серые,100004768,"5,00","600,00","990,00"
С-5713,Рукоделие беж,100004766,"2,00","600,00","990,00"
С-5713,Авокадо,100004790,"10,00","600,00","990,00"
С-61,Полосы черн-бел-красные,000001556,"4,00","900,00","1500,00"
С-61,Шотландка синяя-беж,000001105,"5,00","900,00","1500,00"
С-61,Клетка красно-черная,000001109,0,"900,00","1500,00"
С-61,Огурцы черные,000000302,"10,00","900,00","1500,00"
С-61,ФлагБританияГазета,000001068,"9,00","900,00","1500,00"
С-61,Клетка5 черн-малин-серая,000001097,0,"900,00","1500,00"
С-61,Полосы малиновые,000002604,0,"900,00","1500,00"
С-61,Полосы голубые,000001442,0,"900,00","1500,00"
С-61,Зебра,000001090,0,"900,00","1500,00"
С-61,Газета беж-черная,000000030,"5,00","900,00","1500,00"
С-61,Цветы бело-зелен-серые,000001078,"7,00","900,00","1500,00"
С-61,Огурцы голубые,000002603,0,"900,00","1500,00"
С-61,Завитки розово-малиновые,000003297,"4,00","900,00","1500,00"
С-61,Цветы беж-розовые,000003300,"2,00","900,00","1500,00"
С-61,Горох серый,000001240,0,"900,00","1500,00"
С-61,Звезды синие-серые,100003383,"6,00","900,00","1500,00"
С-61,Шотландка бирюзово-синяя,000001558,"6,00","900,00","1500,00"
С-61,ОгурцыЦветы серо-розовые,100003384,0,"900,00","1500,00"
С-61,Пончик черно-розовый,100003385,"9,00","900,00","1500,00"
С-61,Клетка черно-малин-белая,100003864,"8,00","900,00","1500,00"
С-61,Завитки голубые-малиновые,100004211,"2,00","900,00","1500,00"
С-61,Цветы черно-серые,000000832,"1,00","900,00","1500,00"
С-61,Цветы бело-голуб-сирень,100004212,"8,00","900,00","1500,00"
С-621,Коричневый - беж,000001145,"7,00","1140,00","1900,00"
С-621,Хаки - Беж,000001155,"10,00","1140,00","1900,00"
С-621,Серый - Оранж,000001144,"10,00","1140,00","1900,00"
С-621,Черный - Серый,000001153,"10,00","1140,00","1900,00"
С-621,Красный - Серый,000001156,"7,00","1140,00","1900,00"
С-621,Синий- Серый,000001154,0,"1140,00","1900,00"
С-621,Черный - Красный,000001143,"6,00","1140,00","1900,00"
С-632,Красный - Серый,000001488,"3,00","1320,00","2090,00"
С-632,Коричневый - беж,000001489,"10,00","1320,00","2090,00"
С-632,Синий - Голубой,000000792,"10,00","1320,00","2090,00"
С-632,Черный - Серый,000001487,"10,00","1320,00","2090,00"
С-64,Хаки - Беж,000001152,"2,00","1500,00","2380,00"
С-64,Серый - Оранж,000001150,"1,00","1500,00","2380,00"
С-6419,Лиловый - Розовый,000001485,"10,00","1500,00","2000,00"
С-6419,Серый - Розовый,000001483,"6,00","1500,00","2000,00"
